"Date debut traitement";"Matin/soir";"Date fin traitement";"Matin/soir";"N° National";"N° Travail";"Nom";"N° ordonnance";"Prescripteur";"Nature du produit";"Par";"Dose";"Voie";"Rythme";"Motif du traitement";"Date";"Observations";"Nom de l'intervenant";"Qualite de l'intervenant";"Date remise en vente lait";"Matin/soir";"Date remise en vente viande"
"02/10/2025";"Matin";"02/10/2025";"Soir";"FR 8235599222";"9222";"ACHILLEE";"0276275";"CHOLET";"SPECIALE 2411";"Animal";"500.0 ml";"IV";"1 fois/Jour";"DIARRHEE VEAU";"02/10/2025";"";"CHOLET";"Vétérinaire";"";"";""
"02/10/2025";"Matin";"02/10/2025";"Soir";"FR 8235599222";"9222";"ACHILLEE";"0276275";"CHOLET";"LODEVIL";"Animal";"1.0 l";"IV";"1 fois/Jour";"DIARRHEE VEAU";"02/10/2025";"";"CHOLET";"Vétérinaire";"";"";""
"02/10/2025";"Matin";"02/10/2025";"Soir";"FR 8235599222";"9222";"ACHILLEE";"0276275";"CHOLET";"DEXADRESON";"100 Kg";"3.0 ml";"Intra musculaire";"1 fois/Jour";"DIARRHEE VEAU";"02/10/2025";"";"CHOLET";"Vétérinaire";"06/10";"Matin";"11/10"
"02/10/2025";"Matin";"02/10/2025";"Soir";"FR 8235599222";"9222";"ACHILLEE";"0276275";"CHOLET";"ESTOCELAN INJECTABLE";"Animal";"20.0 ml";"Intra musculaire";"1 fois/Jour";"DIARRHEE VEAU";"02/10/2025";"";"CHOLET";"Vétérinaire";"";"";"21/10"
"02/10/2025";"Matin";"02/10/2025";"Soir";"FR 8235599222";"9222";"ACHILLEE";"0276275";"CHOLET";"MULTIMIN";"100 Kg";"0.5 ml";"SC";"1 fois/Jour";"DIARRHEE VEAU";"02/10/2025";"";"CHOLET";"Vétérinaire";"";"";"31/10"
"02/10/2025";"Matin";"04/10/2025";"Soir";"FR 8235599222";"9222";"ACHILLEE";"0276275";"CHOLET";"PAROFOR LIQ";"100 Kg";"25.0 ml";"VO";"1 fois/Jour";"DIARRHEE VEAU";"02/10/2025";"";"SAMUEL";"Eleveur";"";"";"25/10"
"10/10/2025";"Matin";"10/10/2025";"Soir";"82 35557923";"";"";"";"";"BOVILIS CRYPTIUM";"Animal";"2 ml";"SC";"1 fois/Jour";"VACCINATION";"10/10/2025";"";"SAMUEL";"Eleveur";"10/10";"Matin";"10/10"
"10/10/2025";"Matin";"10/10/2025";"Soir";"8 235543542";"";"";"";"";"BOVILIS CRYPTIUM";"Animal";"2 ml";"SC";"1 fois/Jour";"VACCINATION";"10/10/2025";"";"SAMUEL";"Eleveur";"10/10";"Matin";"10/10"
"10/10/2025";"Matin";"10/10/2025";"Soir";"8 235529278";"";"";"";"";"BOVILIS CRYPTIUM";"Animal";"2 ml";"SC";"1 fois/Jour";"VACCINATION";"10/10/2025";"";"SAMUEL";"Eleveur";"10/10";"Matin";"10/10"
"10/10/2025";"Matin";"10/10/2025";"Soir";"8 235565519";"";"";"";"";"BOVILIS CRYPTIUM";"Animal";"2 ml";"SC";"1 fois/Jour";"VACCINATION";"10/10/2025";"";"SAMUEL";"Eleveur";"10/10";"Matin";"10/10"
"10/10/2025";"Matin";"10/10/2025";"Soir";"8 222010659";"";"";"";"";"BOVILIS CRYPTIUM";"Animal";"2 ml";"SC";"1 fois/Jour";"VACCINATION";"10/10/2025";"";"SAMUEL";"Eleveur";"10/10";"Matin";"10/10"
"10/10/2025";"Matin";"10/10/2025";"Soir";"8 235543533";"";"";"";"";"BOVILIS CRYPTIUM";"Animal";"2 ml";"SC";"1 fois/Jour";"VACCINATION";"10/10/2025";"";"SAMUEL";"Eleveur";"10/10";"Matin";"10/10"
"10/10/2025";"Matin";"10/10/2025";"Soir";"8 235474451";"";"";"";"";"BOVILIS CRYPTIUM";"Animal";"2 ml";"SC";"1 fois/Jour";"VACCINATION";"10/10/2025";"";"SAMUEL";"Eleveur";"10/10";"Matin";"10/10"
"10/10/2025";"Matin";"10/10/2025";"Soir";"8 235557926";"";"";"";"";"BOVILIS CRYPTIUM";"Animal";"2 ml";"SC";"1 fois/Jour";"VACCINATION";"10/10/2025";"";"SAMUEL";"Eleveur";"10/10";"Matin";"10/10"
"10/10/2025";"Matin";"10/10/2025";"Soir";"8 235565520";"";"";"";"";"BOVILIS CRYPTIUM";"Animal";"2 ml";"SC";"1 fois/Jour";"VACCINATION";"10/10/2025";"";"SAMUEL";"Eleveur";"10/10";"Matin";"10/10"
"10/10/2025";"Matin";"10/10/2025";"Soir";"8 235571335";"";"";"";"";"BOVILIS CRYPTIUM";"Animal";"2 ml";"SC";"1 fois/Jour";"VACCINATION";"10/10/2025";"";"SAMUEL";"Eleveur";"10/10";"Matin";"10/10"
"10/10/2025";"Matin";"10/10/2025";"Soir";"8 235565536";"";"";"";"";"BOVILIS CRYPTIUM";"Animal";"2 ml";"SC";"1 fois/Jour";"VACCINATION";"10/10/2025";"";"SAMUEL";"Eleveur";"10/10";"Matin";"10/10"
"10/10/2025";"Matin";"10/10/2025";"Soir";"8 222010655";"";"";"";"";"BOVILIS CRYPTIUM";"Animal";"2 ml";"SC";"1 fois/Jour";"VACCINATION";"10/10/2025";"";"SAMUEL";"Eleveur";"10/10";"Matin";"10/10"
"13/10/2025";"Matin";"13/10/2025";"Soir";"82 35599218";"";"";"O97734";"CRASSUS";"NASALGEN";"Animal";"2.0 ml";"Nasal";"1 fois/Jour";"VACCINATION";"13/10/2025";"";"SAMUEL";"Eleveur";"";"";""
"13/10/2025";"Matin";"13/10/2025";"Soir";"8 235591001";"";"";"O97734";"CRASSUS";"NASALGEN";"Animal";"2.0 ml";"Nasal";"1 fois/Jour";"VACCINATION";"13/10/2025";"";"SAMUEL";"Eleveur";"";"";""
"13/10/2025";"Matin";"13/10/2025";"Soir";"8 235590997";"";"";"O97734";"CRASSUS";"NASALGEN";"Animal";"2.0 ml";"Nasal";"1 fois/Jour";"VACCINATION";"13/10/2025";"";"SAMUEL";"Eleveur";"";"";""
"13/10/2025";"Matin";"13/10/2025";"Soir";"8 235590995";"";"";"O97734";"CRASSUS";"NASALGEN";"Animal";"2.0 ml";"Nasal";"1 fois/Jour";"VACCINATION";"13/10/2025";"";"SAMUEL";"Eleveur";"";"";""
"13/10/2025";"Matin";"13/10/2025";"Soir";"8 235599217";"";"";"O97734";"CRASSUS";"NASALGEN";"Animal";"2.0 ml";"Nasal";"1 fois/Jour";"VACCINATION";"13/10/2025";"";"SAMUEL";"Eleveur";"";"";""
"13/10/2025";"Matin";"13/10/2025";"Soir";"8 235599212";"";"";"O97734";"CRASSUS";"NASALGEN";"Animal";"2.0 ml";"Nasal";"1 fois/Jour";"VACCINATION";"13/10/2025";"";"SAMUEL";"Eleveur";"";"";""
"13/10/2025";"Matin";"13/10/2025";"Soir";"8 235599215";"";"";"O97734";"CRASSUS";"NASALGEN";"Animal";"2.0 ml";"Nasal";"1 fois/Jour";"VACCINATION";"13/10/2025";"";"SAMUEL";"Eleveur";"";"";""
"13/10/2025";"Matin";"13/10/2025";"Soir";"8 235599214";"";"";"O97734";"CRASSUS";"NASALGEN";"Animal";"2.0 ml";"Nasal";"1 fois/Jour";"VACCINATION";"13/10/2025";"";"SAMUEL";"Eleveur";"";"";""
"13/10/2025";"Matin";"13/10/2025";"Soir";"8 235590996";"";"";"O97734";"CRASSUS";"NASALGEN";"Animal";"2.0 ml";"Nasal";"1 fois/Jour";"VACCINATION";"13/10/2025";"";"SAMUEL";"Eleveur";"";"";""
"13/10/2025";"Matin";"13/10/2025";"Soir";"8 235599219";"";"";"O97734";"CRASSUS";"NASALGEN";"Animal";"2.0 ml";"Nasal";"1 fois/Jour";"VACCINATION";"13/10/2025";"";"SAMUEL";"Eleveur";"";"";""
"13/10/2025";"Matin";"13/10/2025";"Soir";"8 235591000";"";"";"O97734";"CRASSUS";"NASALGEN";"Animal";"2.0 ml";"Nasal";"1 fois/Jour";"VACCINATION";"13/10/2025";"";"SAMUEL";"Eleveur";"";"";""
"13/10/2025";"Matin";"13/10/2025";"Soir";"8 235590999";"";"";"O97734";"CRASSUS";"NASALGEN";"Animal";"2.0 ml";"Nasal";"1 fois/Jour";"VACCINATION";"13/10/2025";"";"SAMUEL";"Eleveur";"";"";""
"13/10/2025";"Matin";"13/10/2025";"Soir";"8 235599221";"";"";"O97734";"CRASSUS";"NASALGEN";"Animal";"2.0 ml";"Nasal";"1 fois/Jour";"VACCINATION";"13/10/2025";"";"SAMUEL";"Eleveur";"";"";""
"13/10/2025";"Matin";"13/10/2025";"Soir";"8 235590998";"";"";"O97734";"CRASSUS";"NASALGEN";"Animal";"2.0 ml";"Nasal";"1 fois/Jour";"VACCINATION";"13/10/2025";"";"SAMUEL";"Eleveur";"";"";""
"13/10/2025";"Matin";"13/10/2025";"Soir";"8 235599225";"";"";"O97734";"CRASSUS";"NASALGEN";"Animal";"2.0 ml";"Nasal";"1 fois/Jour";"VACCINATION";"13/10/2025";"";"SAMUEL";"Eleveur";"";"";""
"13/10/2025";"Matin";"13/10/2025";"Soir";"8 235599213";"";"";"O97734";"CRASSUS";"NASALGEN";"Animal";"2.0 ml";"Nasal";"1 fois/Jour";"VACCINATION";"13/10/2025";"";"SAMUEL";"Eleveur";"";"";""
"13/10/2025";"Matin";"13/10/2025";"Soir";"8 235590994";"";"";"O97734";"CRASSUS";"NASALGEN";"Animal";"2.0 ml";"Nasal";"1 fois/Jour";"VACCINATION";"13/10/2025";"";"SAMUEL";"Eleveur";"";"";""
"13/10/2025";"Matin";"13/10/2025";"Soir";"8 235590993";"";"";"O97734";"CRASSUS";"NASALGEN";"Animal";"2.0 ml";"Nasal";"1 fois/Jour";"VACCINATION";"13/10/2025";"";"SAMUEL";"Eleveur";"";"";""
"13/10/2025";"Matin";"13/10/2025";"Soir";"82 35591002";"";"";"O97733";"TABARDEL";"NASIM";"Animal";"2.0 ml";"Nasal";"1 fois/Jour";"VACCINATION";"17/10/2025";"";"CÉLINE";"Eleveur";"";"Soir";""
"13/10/2025";"Matin";"13/10/2025";"Soir";"8 235599215";"";"";"O97733";"TABARDEL";"NASIM";"Animal";"2.0 ml";"Nasal";"1 fois/Jour";"VACCINATION";"17/10/2025";"";"CÉLINE";"Eleveur";"";"Soir";""
"13/10/2025";"Matin";"13/10/2025";"Soir";"8 235591000";"";"";"O97733";"TABARDEL";"NASIM";"Animal";"2.0 ml";"Nasal";"1 fois/Jour";"VACCINATION";"17/10/2025";"";"CÉLINE";"Eleveur";"";"Soir";""
"13/10/2025";"Matin";"13/10/2025";"Soir";"8 235599212";"";"";"O97733";"TABARDEL";"NASIM";"Animal";"2.0 ml";"Nasal";"1 fois/Jour";"VACCINATION";"17/10/2025";"";"CÉLINE";"Eleveur";"";"Soir";""
"13/10/2025";"Matin";"13/10/2025";"Soir";"8 235599220";"";"";"O97733";"TABARDEL";"NASIM";"Animal";"2.0 ml";"Nasal";"1 fois/Jour";"VACCINATION";"17/10/2025";"";"CÉLINE";"Eleveur";"";"Soir";""
"13/10/2025";"Matin";"13/10/2025";"Soir";"8 235599221";"";"";"O97733";"TABARDEL";"NASIM";"Animal";"2.0 ml";"Nasal";"1 fois/Jour";"VACCINATION";"17/10/2025";"";"CÉLINE";"Eleveur";"";"Soir";""
"13/10/2025";"Matin";"13/10/2025";"Soir";"8 235599214";"";"";"O97733";"TABARDEL";"NASIM";"Animal";"2.0 ml";"Nasal";"1 fois/Jour";"VACCINATION";"17/10/2025";"";"CÉLINE";"Eleveur";"";"Soir";""
"13/10/2025";"Matin";"13/10/2025";"Soir";"8 235599222";"";"";"O97733";"TABARDEL";"NASIM";"Animal";"2.0 ml";"Nasal";"1 fois/Jour";"VACCINATION";"17/10/2025";"";"CÉLINE";"Eleveur";"";"Soir";""
"13/10/2025";"Matin";"13/10/2025";"Soir";"8 235591001";"";"";"O97733";"TABARDEL";"NASIM";"Animal";"2.0 ml";"Nasal";"1 fois/Jour";"VACCINATION";"17/10/2025";"";"CÉLINE";"Eleveur";"";"Soir";""
"13/10/2025";"Matin";"13/10/2025";"Soir";"8 235599216";"";"";"O97733";"TABARDEL";"NASIM";"Animal";"2.0 ml";"Nasal";"1 fois/Jour";"VACCINATION";"17/10/2025";"";"CÉLINE";"Eleveur";"";"Soir";""
"13/10/2025";"Matin";"13/10/2025";"Soir";"8 235599213";"";"";"O97733";"TABARDEL";"NASIM";"Animal";"2.0 ml";"Nasal";"1 fois/Jour";"VACCINATION";"17/10/2025";"";"CÉLINE";"Eleveur";"";"Soir";""
"13/10/2025";"Matin";"13/10/2025";"Soir";"8 235599217";"";"";"O97733";"TABARDEL";"NASIM";"Animal";"2.0 ml";"Nasal";"1 fois/Jour";"VACCINATION";"17/10/2025";"";"CÉLINE";"Eleveur";"";"Soir";""
"13/10/2025";"Matin";"13/10/2025";"Soir";"8 235599218";"";"";"O97733";"TABARDEL";"NASIM";"Animal";"2.0 ml";"Nasal";"1 fois/Jour";"VACCINATION";"17/10/2025";"";"CÉLINE";"Eleveur";"";"Soir";""
"06/11/2025";"Matin";"06/11/2025";"Soir";"82 35591001";"";"";"O97678";"POURCEL";"HIPRABOVIS SOMNI";"Animal";"2.0 ml";"SC";"1 fois/Jour";"VACCINATION";"06/11/2025";"";"SAMUEL";"Eleveur";"";"";""
"06/11/2025";"Matin";"06/11/2025";"Soir";"8 235590999";"";"";"O97678";"POURCEL";"HIPRABOVIS SOMNI";"Animal";"2.0 ml";"SC";"1 fois/Jour";"VACCINATION";"06/11/2025";"";"SAMUEL";"Eleveur";"";"";""
"06/11/2025";"Matin";"06/11/2025";"Soir";"8 235591000";"";"";"O97678";"POURCEL";"HIPRABOVIS SOMNI";"Animal";"2.0 ml";"SC";"1 fois/Jour";"VACCINATION";"06/11/2025";"";"SAMUEL";"Eleveur";"";"";""
"06/11/2025";"Matin";"06/11/2025";"Soir";"8 235599212";"";"";"O97678";"POURCEL";"HIPRABOVIS SOMNI";"Animal";"2.0 ml";"SC";"1 fois/Jour";"VACCINATION";"06/11/2025";"";"SAMUEL";"Eleveur";"";"";""
"06/11/2025";"Matin";"06/11/2025";"Soir";"8 235599217";"";"";"O97678";"POURCEL";"HIPRABOVIS SOMNI";"Animal";"2.0 ml";"SC";"1 fois/Jour";"VACCINATION";"06/11/2025";"";"SAMUEL";"Eleveur";"";"";""
"06/11/2025";"Matin";"06/11/2025";"Soir";"8 235590992";"";"";"O97678";"POURCEL";"HIPRABOVIS SOMNI";"Animal";"2.0 ml";"SC";"1 fois/Jour";"VACCINATION";"06/11/2025";"";"SAMUEL";"Eleveur";"";"";""
"06/11/2025";"Matin";"06/11/2025";"Soir";"8 235590991";"";"";"O97678";"POURCEL";"HIPRABOVIS SOMNI";"Animal";"2.0 ml";"SC";"1 fois/Jour";"VACCINATION";"06/11/2025";"";"SAMUEL";"Eleveur";"";"";""
"06/11/2025";"Matin";"06/11/2025";"Soir";"8 235590993";"";"";"O97678";"POURCEL";"HIPRABOVIS SOMNI";"Animal";"2.0 ml";"SC";"1 fois/Jour";"VACCINATION";"06/11/2025";"";"SAMUEL";"Eleveur";"";"";""
"06/11/2025";"Matin";"06/11/2025";"Soir";"8 235590996";"";"";"O97678";"POURCEL";"HIPRABOVIS SOMNI";"Animal";"2.0 ml";"SC";"1 fois/Jour";"VACCINATION";"06/11/2025";"";"SAMUEL";"Eleveur";"";"";""
"06/11/2025";"Matin";"06/11/2025";"Soir";"8 235590995";"";"";"O97678";"POURCEL";"HIPRABOVIS SOMNI";"Animal";"2.0 ml";"SC";"1 fois/Jour";"VACCINATION";"06/11/2025";"";"SAMUEL";"Eleveur";"";"";""
"06/11/2025";"Matin";"06/11/2025";"Soir";"8 235591002";"";"";"O97678";"POURCEL";"HIPRABOVIS SOMNI";"Animal";"2.0 ml";"SC";"1 fois/Jour";"VACCINATION";"06/11/2025";"";"SAMUEL";"Eleveur";"";"";""
"06/11/2025";"Matin";"06/11/2025";"Soir";"8 235599214";"";"";"O97678";"POURCEL";"HIPRABOVIS SOMNI";"Animal";"2.0 ml";"SC";"1 fois/Jour";"VACCINATION";"06/11/2025";"";"SAMUEL";"Eleveur";"";"";""
"06/11/2025";"Matin";"06/11/2025";"Soir";"8 235590997";"";"";"O97678";"POURCEL";"HIPRABOVIS SOMNI";"Animal";"2.0 ml";"SC";"1 fois/Jour";"VACCINATION";"06/11/2025";"";"SAMUEL";"Eleveur";"";"";""
"06/11/2025";"Matin";"06/11/2025";"Soir";"8 235590998";"";"";"O97678";"POURCEL";"HIPRABOVIS SOMNI";"Animal";"2.0 ml";"SC";"1 fois/Jour";"VACCINATION";"06/11/2025";"";"SAMUEL";"Eleveur";"";"";""
"06/11/2025";"Matin";"06/11/2025";"Soir";"8 235599213";"";"";"O97678";"POURCEL";"HIPRABOVIS SOMNI";"Animal";"2.0 ml";"SC";"1 fois/Jour";"VACCINATION";"06/11/2025";"";"SAMUEL";"Eleveur";"";"";""
"06/11/2025";"Matin";"06/11/2025";"Soir";"8 235590994";"";"";"O97678";"POURCEL";"HIPRABOVIS SOMNI";"Animal";"2.0 ml";"SC";"1 fois/Jour";"VACCINATION";"06/11/2025";"";"SAMUEL";"Eleveur";"";"";""
"06/11/2025";"Matin";"06/11/2025";"Soir";"8 235599218";"";"";"O97678";"POURCEL";"HIPRABOVIS SOMNI";"Animal";"2.0 ml";"SC";"1 fois/Jour";"VACCINATION";"06/11/2025";"";"SAMUEL";"Eleveur";"";"";""
"06/11/2025";"Matin";"06/11/2025";"Soir";"8 235599215";"";"";"O97678";"POURCEL";"HIPRABOVIS SOMNI";"Animal";"2.0 ml";"SC";"1 fois/Jour";"VACCINATION";"06/11/2025";"";"SAMUEL";"Eleveur";"";"";""
"06/11/2025";"Matin";"06/11/2025";"Soir";"8 235599219";"";"";"O97678";"POURCEL";"HIPRABOVIS SOMNI";"Animal";"2.0 ml";"SC";"1 fois/Jour";"VACCINATION";"06/11/2025";"";"SAMUEL";"Eleveur";"";"";""
"08/11/2025";"Matin";"08/11/2025";"Soir";"65 05616393";"";"";"O97823";"CHOLET";"BOVILIS CRYPTIUM";"Animal";"2.0 ml";"SC";"1 fois/Jour";"VACCINATION";"08/11/2025";"";"SAMUEL";"Eleveur";"";"";""
"08/11/2025";"Matin";"08/11/2025";"Soir";"8 235543533";"";"";"O97823";"CHOLET";"BOVILIS CRYPTIUM";"Animal";"2.0 ml";"SC";"1 fois/Jour";"VACCINATION";"08/11/2025";"";"SAMUEL";"Eleveur";"";"";""
"08/11/2025";"Matin";"08/11/2025";"Soir";"8 235565519";"";"";"O97823";"CHOLET";"BOVILIS CRYPTIUM";"Animal";"2.0 ml";"SC";"1 fois/Jour";"VACCINATION";"08/11/2025";"";"SAMUEL";"Eleveur";"";"";""
"08/11/2025";"Matin";"08/11/2025";"Soir";"8 235565520";"";"";"O97823";"CHOLET";"BOVILIS CRYPTIUM";"Animal";"2.0 ml";"SC";"1 fois/Jour";"VACCINATION";"08/11/2025";"";"SAMUEL";"Eleveur";"";"";""
"08/11/2025";"Matin";"08/11/2025";"Soir";"8 235515717";"";"";"O97823";"CHOLET";"BOVILIS CRYPTIUM";"Animal";"2.0 ml";"SC";"1 fois/Jour";"VACCINATION";"08/11/2025";"";"SAMUEL";"Eleveur";"";"";""
"08/11/2025";"Matin";"08/11/2025";"Soir";"8 235543543";"";"";"O97823";"CHOLET";"BOVILIS CRYPTIUM";"Animal";"2.0 ml";"SC";"1 fois/Jour";"VACCINATION";"08/11/2025";"";"SAMUEL";"Eleveur";"";"";""
"08/11/2025";"Matin";"08/11/2025";"Soir";"8 235571335";"";"";"O97823";"CHOLET";"BOVILIS CRYPTIUM";"Animal";"2.0 ml";"SC";"1 fois/Jour";"VACCINATION";"08/11/2025";"";"SAMUEL";"Eleveur";"";"";""
"08/11/2025";"Matin";"08/11/2025";"Soir";"8 235557963";"";"";"O97823";"CHOLET";"BOVILIS CRYPTIUM";"Animal";"2.0 ml";"SC";"1 fois/Jour";"VACCINATION";"08/11/2025";"";"SAMUEL";"Eleveur";"";"";""
"08/11/2025";"Matin";"08/11/2025";"Soir";"8 235543542";"";"";"O97823";"CHOLET";"BOVILIS CRYPTIUM";"Animal";"2.0 ml";"SC";"1 fois/Jour";"VACCINATION";"08/11/2025";"";"SAMUEL";"Eleveur";"";"";""
"08/11/2025";"Matin";"08/11/2025";"Soir";"8 235557923";"";"";"O97823";"CHOLET";"BOVILIS CRYPTIUM";"Animal";"2.0 ml";"SC";"1 fois/Jour";"VACCINATION";"08/11/2025";"";"SAMUEL";"Eleveur";"";"";""
"08/11/2025";"Matin";"08/11/2025";"Soir";"8 235474451";"";"";"O97823";"CHOLET";"BOVILIS CRYPTIUM";"Animal";"2.0 ml";"SC";"1 fois/Jour";"VACCINATION";"08/11/2025";"";"SAMUEL";"Eleveur";"";"";""
"08/11/2025";"Matin";"08/11/2025";"Soir";"8 222010655";"";"";"O97823";"CHOLET";"BOVILIS CRYPTIUM";"Animal";"2.0 ml";"SC";"1 fois/Jour";"VACCINATION";"08/11/2025";"";"SAMUEL";"Eleveur";"";"";""
"08/11/2025";"Matin";"08/11/2025";"Soir";"8 235565536";"";"";"O97823";"CHOLET";"BOVILIS CRYPTIUM";"Animal";"2.0 ml";"SC";"1 fois/Jour";"VACCINATION";"08/11/2025";"";"SAMUEL";"Eleveur";"";"";""
"08/11/2025";"Matin";"08/11/2025";"Soir";"8 222010659";"";"";"O97823";"CHOLET";"BOVILIS CRYPTIUM";"Animal";"2.0 ml";"SC";"1 fois/Jour";"VACCINATION";"08/11/2025";"";"SAMUEL";"Eleveur";"";"";""
"08/11/2025";"Matin";"08/11/2025";"Soir";"8 235394791";"";"";"O97823";"CHOLET";"BOVILIS CRYPTIUM";"Animal";"2.0 ml";"SC";"1 fois/Jour";"VACCINATION";"08/11/2025";"";"SAMUEL";"Eleveur";"";"";""
"08/11/2025";"Matin";"08/11/2025";"Soir";"8 235515716";"";"";"O97823";"CHOLET";"BOVILIS CRYPTIUM";"Animal";"2.0 ml";"SC";"1 fois/Jour";"VACCINATION";"08/11/2025";"";"SAMUEL";"Eleveur";"";"";""
"10/11/2025";"Matin";"10/11/2025";"Soir";"82 35590996";"";"";"";"";"IVOMEC BOVIN";"100 Kg";"2.0 ml";"SC";"1 fois/Jour";"PARASITISME";"10/11/2025";"";"CÉLINE";"Eleveur";"16/12";"Matin";"30/12"
"10/11/2025";"Matin";"10/11/2025";"Soir";"8 235590995";"";"";"";"";"IVOMEC BOVIN";"100 Kg";"2.0 ml";"SC";"1 fois/Jour";"PARASITISME";"10/11/2025";"";"CÉLINE";"Eleveur";"16/12";"Matin";"30/12"
"10/11/2025";"Matin";"10/11/2025";"Soir";"8 235599214";"";"";"";"";"IVOMEC BOVIN";"100 Kg";"2.0 ml";"SC";"1 fois/Jour";"PARASITISME";"10/11/2025";"";"CÉLINE";"Eleveur";"16/12";"Matin";"30/12"
"10/11/2025";"Matin";"10/11/2025";"Soir";"8 235591002";"";"";"";"";"IVOMEC BOVIN";"100 Kg";"2.0 ml";"SC";"1 fois/Jour";"PARASITISME";"10/11/2025";"";"CÉLINE";"Eleveur";"16/12";"Matin";"30/12"
"10/11/2025";"Matin";"10/11/2025";"Soir";"8 235590994";"";"";"";"";"IVOMEC BOVIN";"100 Kg";"2.0 ml";"SC";"1 fois/Jour";"PARASITISME";"10/11/2025";"";"CÉLINE";"Eleveur";"16/12";"Matin";"30/12"
"10/11/2025";"Matin";"10/11/2025";"Soir";"8 235599215";"";"";"";"";"IVOMEC BOVIN";"100 Kg";"2.0 ml";"SC";"1 fois/Jour";"PARASITISME";"10/11/2025";"";"CÉLINE";"Eleveur";"16/12";"Matin";"30/12"
"10/11/2025";"Matin";"10/11/2025";"Soir";"8 235591000";"";"";"";"";"IVOMEC BOVIN";"100 Kg";"2.0 ml";"SC";"1 fois/Jour";"PARASITISME";"10/11/2025";"";"CÉLINE";"Eleveur";"16/12";"Matin";"30/12"
"10/11/2025";"Matin";"10/11/2025";"Soir";"8 235590998";"";"";"";"";"IVOMEC BOVIN";"100 Kg";"2.0 ml";"SC";"1 fois/Jour";"PARASITISME";"10/11/2025";"";"CÉLINE";"Eleveur";"16/12";"Matin";"30/12"
"10/11/2025";"Matin";"10/11/2025";"Soir";"8 235599213";"";"";"";"";"IVOMEC BOVIN";"100 Kg";"2.0 ml";"SC";"1 fois/Jour";"PARASITISME";"10/11/2025";"";"CÉLINE";"Eleveur";"16/12";"Matin";"30/12"
"10/11/2025";"Matin";"10/11/2025";"Soir";"8 235599212";"";"";"";"";"IVOMEC BOVIN";"100 Kg";"2.0 ml";"SC";"1 fois/Jour";"PARASITISME";"10/11/2025";"";"CÉLINE";"Eleveur";"16/12";"Matin";"30/12"
"10/11/2025";"Matin";"10/11/2025";"Soir";"8 235590997";"";"";"";"";"IVOMEC BOVIN";"100 Kg";"2.0 ml";"SC";"1 fois/Jour";"PARASITISME";"10/11/2025";"";"CÉLINE";"Eleveur";"16/12";"Matin";"30/12"
"11/11/2025";"Matin";"11/11/2025";"Soir";"82 35590997";"";"";"O98160";"LADANT";"NASIM";"Animal";"2.0 ml";"Intra musculaire";"1 fois/Jour";"VACCINATION";"11/11/2025";"";"CÉLINE";"Eleveur";"";"";""
"11/11/2025";"Matin";"11/11/2025";"Soir";"8 235599225";"";"";"O98160";"LADANT";"NASIM";"Animal";"2.0 ml";"Intra musculaire";"1 fois/Jour";"VACCINATION";"11/11/2025";"";"CÉLINE";"Eleveur";"";"";""
"11/11/2025";"Matin";"11/11/2025";"Soir";"8 235590998";"";"";"O98160";"LADANT";"NASIM";"Animal";"2.0 ml";"Intra musculaire";"1 fois/Jour";"VACCINATION";"11/11/2025";"";"CÉLINE";"Eleveur";"";"";""
"11/11/2025";"Matin";"11/11/2025";"Soir";"8 235599224";"";"";"O98160";"LADANT";"NASIM";"Animal";"2.0 ml";"Intra musculaire";"1 fois/Jour";"VACCINATION";"11/11/2025";"";"CÉLINE";"Eleveur";"";"";""
"11/11/2025";"Matin";"11/11/2025";"Soir";"8 235599223";"";"";"O98160";"LADANT";"NASIM";"Animal";"2.0 ml";"Intra musculaire";"1 fois/Jour";"VACCINATION";"11/11/2025";"";"CÉLINE";"Eleveur";"";"";""
"11/11/2025";"Matin";"11/11/2025";"Soir";"8 235590994";"";"";"O98160";"LADANT";"NASIM";"Animal";"2.0 ml";"Intra musculaire";"1 fois/Jour";"VACCINATION";"11/11/2025";"";"CÉLINE";"Eleveur";"";"";""
"11/11/2025";"Matin";"11/11/2025";"Soir";"8 235599226";"";"";"O98160";"LADANT";"NASIM";"Animal";"2.0 ml";"Intra musculaire";"1 fois/Jour";"VACCINATION";"11/11/2025";"";"CÉLINE";"Eleveur";"";"";""
"11/11/2025";"Matin";"11/11/2025";"Soir";"8 235590999";"";"";"O98160";"LADANT";"NASIM";"Animal";"2.0 ml";"Intra musculaire";"1 fois/Jour";"VACCINATION";"11/11/2025";"";"CÉLINE";"Eleveur";"";"";""
"11/11/2025";"Matin";"11/11/2025";"Soir";"8 235590996";"";"";"O98160";"LADANT";"NASIM";"Animal";"2.0 ml";"Intra musculaire";"1 fois/Jour";"VACCINATION";"11/11/2025";"";"CÉLINE";"Eleveur";"";"";""
"11/11/2025";"Matin";"11/11/2025";"Soir";"82 35599226";"";"";"O97734";"CRASSUS";"NASALGEN";"Animal";"2.0 ml";"Nasal";"1 fois/Jour";"VACCINATION";"11/11/2025";"";"SAMUEL";"Eleveur";"";"";""
"11/11/2025";"Matin";"11/11/2025";"Soir";"8 235599227";"";"";"O97734";"CRASSUS";"NASALGEN";"Animal";"2.0 ml";"Nasal";"1 fois/Jour";"VACCINATION";"11/11/2025";"";"SAMUEL";"Eleveur";"";"";""
"11/11/2025";"Matin";"11/11/2025";"Soir";"8 235599222";"";"";"O97734";"CRASSUS";"NASALGEN";"Animal";"2.0 ml";"Nasal";"1 fois/Jour";"VACCINATION";"11/11/2025";"";"SAMUEL";"Eleveur";"";"";""
"11/11/2025";"Matin";"11/11/2025";"Soir";"8 235599223";"";"";"O97734";"CRASSUS";"NASALGEN";"Animal";"2.0 ml";"Nasal";"1 fois/Jour";"VACCINATION";"11/11/2025";"";"SAMUEL";"Eleveur";"";"";""
"11/11/2025";"Matin";"11/11/2025";"Soir";"8 235599220";"";"";"O97734";"CRASSUS";"NASALGEN";"Animal";"2.0 ml";"Nasal";"1 fois/Jour";"VACCINATION";"11/11/2025";"";"SAMUEL";"Eleveur";"";"";""
"11/11/2025";"Matin";"11/11/2025";"Soir";"8 235599224";"";"";"O97734";"CRASSUS";"NASALGEN";"Animal";"2.0 ml";"Nasal";"1 fois/Jour";"VACCINATION";"11/11/2025";"";"SAMUEL";"Eleveur";"";"";""
"11/11/2025";"Matin";"11/11/2025";"Soir";"8 235599230";"";"";"O97734";"CRASSUS";"NASALGEN";"Animal";"2.0 ml";"Nasal";"1 fois/Jour";"VACCINATION";"11/11/2025";"";"SAMUEL";"Eleveur";"";"";""
"11/11/2025";"Matin";"11/11/2025";"Soir";"8 235599229";"";"";"O97734";"CRASSUS";"NASALGEN";"Animal";"2.0 ml";"Nasal";"1 fois/Jour";"VACCINATION";"11/11/2025";"";"SAMUEL";"Eleveur";"";"";""
"11/11/2025";"Matin";"11/11/2025";"Soir";"8 235599233";"";"";"O97734";"CRASSUS";"NASALGEN";"Animal";"2.0 ml";"Nasal";"1 fois/Jour";"VACCINATION";"11/11/2025";"";"SAMUEL";"Eleveur";"";"";""
"17/11/2025";"Matin";"17/11/2025";"Soir";"82 35599234";"";"";"O97734";"CRASSUS";"NASALGEN";"Animal";"2.0 ml";"Nasal";"1 fois/Jour";"VACCINATION";"19/03/2026";"";"CÉLINE";"Eleveur";"";"";""
"17/11/2025";"Matin";"17/11/2025";"Soir";"8 235599239";"";"";"O97734";"CRASSUS";"NASALGEN";"Animal";"2.0 ml";"Nasal";"1 fois/Jour";"VACCINATION";"19/03/2026";"";"CÉLINE";"Eleveur";"";"";""
"17/11/2025";"Matin";"17/11/2025";"Soir";"8 235599240";"";"";"O97734";"CRASSUS";"NASALGEN";"Animal";"2.0 ml";"Nasal";"1 fois/Jour";"VACCINATION";"19/03/2026";"";"CÉLINE";"Eleveur";"";"";""
"18/11/2025";"Matin";"18/11/2025";"Soir";"82 35565536";"";"";"O98777";"TABARDEL";"ROTAVEC CORONA";"Animal";"2.0 ml";"Intra musculaire";"1 fois/Jour";"VACCINATION";"18/11/2025";"";"SAMUEL";"Eleveur";"";"";""
"18/11/2025";"Matin";"18/11/2025";"Soir";"8 235543533";"";"";"O98777";"TABARDEL";"ROTAVEC CORONA";"Animal";"2.0 ml";"Intra musculaire";"1 fois/Jour";"VACCINATION";"18/11/2025";"";"SAMUEL";"Eleveur";"";"";""
"18/11/2025";"Matin";"18/11/2025";"Soir";"8 235474451";"";"";"O98777";"TABARDEL";"ROTAVEC CORONA";"Animal";"2.0 ml";"Intra musculaire";"1 fois/Jour";"VACCINATION";"18/11/2025";"";"SAMUEL";"Eleveur";"";"";""
"18/11/2025";"Matin";"18/11/2025";"Soir";"8 235557923";"";"";"O98777";"TABARDEL";"ROTAVEC CORONA";"Animal";"2.0 ml";"Intra musculaire";"1 fois/Jour";"VACCINATION";"18/11/2025";"";"SAMUEL";"Eleveur";"";"";""
"18/11/2025";"Matin";"18/11/2025";"Soir";"8 235543543";"";"";"O98777";"TABARDEL";"ROTAVEC CORONA";"Animal";"2.0 ml";"Intra musculaire";"1 fois/Jour";"VACCINATION";"18/11/2025";"";"SAMUEL";"Eleveur";"";"";""
"18/11/2025";"Matin";"18/11/2025";"Soir";"8 235565520";"";"";"O98777";"TABARDEL";"ROTAVEC CORONA";"Animal";"2.0 ml";"Intra musculaire";"1 fois/Jour";"VACCINATION";"18/11/2025";"";"SAMUEL";"Eleveur";"";"";""
"18/11/2025";"Matin";"18/11/2025";"Soir";"8 235543542";"";"";"O98777";"TABARDEL";"ROTAVEC CORONA";"Animal";"2.0 ml";"Intra musculaire";"1 fois/Jour";"VACCINATION";"18/11/2025";"";"SAMUEL";"Eleveur";"";"";""
"18/11/2025";"Matin";"18/11/2025";"Soir";"8 235529278";"";"";"O98777";"TABARDEL";"ROTAVEC CORONA";"Animal";"2.0 ml";"Intra musculaire";"1 fois/Jour";"VACCINATION";"18/11/2025";"";"SAMUEL";"Eleveur";"";"";""
"18/11/2025";"Matin";"18/11/2025";"Soir";"8 235557963";"";"";"O98777";"TABARDEL";"ROTAVEC CORONA";"Animal";"2.0 ml";"Intra musculaire";"1 fois/Jour";"VACCINATION";"18/11/2025";"";"SAMUEL";"Eleveur";"";"";""
"20/11/2025";"Matin";"20/11/2025";"Soir";"82 22010655";"";"";"O98777";"TABARDEL";"ROTAVEC CORONA";"Animal";"2.0 ml";"Intra musculaire";"1 fois/Jour";"VACCINATION";"20/11/2025";"";"SAMUEL";"Eleveur";"";"";""
"20/11/2025";"Matin";"20/11/2025";"Soir";"8 235565519";"";"";"O98777";"TABARDEL";"ROTAVEC CORONA";"Animal";"2.0 ml";"Intra musculaire";"1 fois/Jour";"VACCINATION";"20/11/2025";"";"SAMUEL";"Eleveur";"";"";""
"20/11/2025";"Matin";"20/11/2025";"Soir";"8 235515716";"";"";"O98777";"TABARDEL";"ROTAVEC CORONA";"Animal";"2.0 ml";"Intra musculaire";"1 fois/Jour";"VACCINATION";"20/11/2025";"";"SAMUEL";"Eleveur";"";"";""
"20/11/2025";"Matin";"20/11/2025";"Soir";"8 235557926";"";"";"O98777";"TABARDEL";"ROTAVEC CORONA";"Animal";"2.0 ml";"Intra musculaire";"1 fois/Jour";"VACCINATION";"20/11/2025";"";"SAMUEL";"Eleveur";"";"";""
"20/11/2025";"Matin";"20/11/2025";"Soir";"8 235394791";"";"";"O98777";"TABARDEL";"ROTAVEC CORONA";"Animal";"2.0 ml";"Intra musculaire";"1 fois/Jour";"VACCINATION";"20/11/2025";"";"SAMUEL";"Eleveur";"";"";""
"20/11/2025";"Matin";"20/11/2025";"Soir";"8 235515717";"";"";"O98777";"TABARDEL";"ROTAVEC CORONA";"Animal";"2.0 ml";"Intra musculaire";"1 fois/Jour";"VACCINATION";"20/11/2025";"";"SAMUEL";"Eleveur";"";"";""
"21/11/2025";"Matin";"21/11/2025";"Soir";"82 35474463";"";"";"O98777";"TABARDEL";"ROTAVEC CORONA";"Animal";"2.0 ml";"Intra musculaire";"1 fois/Jour";"VACCINATION";"21/11/2025";"";"SAMUEL";"Eleveur";"";"";""
"21/11/2025";"Matin";"21/11/2025";"Soir";"8 235529328";"";"";"O98777";"TABARDEL";"ROTAVEC CORONA";"Animal";"2.0 ml";"Intra musculaire";"1 fois/Jour";"VACCINATION";"21/11/2025";"";"SAMUEL";"Eleveur";"";"";""
"21/11/2025";"Matin";"21/11/2025";"Soir";"8 235430776";"";"";"O98777";"TABARDEL";"ROTAVEC CORONA";"Animal";"2.0 ml";"Intra musculaire";"1 fois/Jour";"VACCINATION";"21/11/2025";"";"SAMUEL";"Eleveur";"";"";""
"21/11/2025";"Matin";"21/11/2025";"Soir";"8 235409559";"";"";"O98777";"TABARDEL";"ROTAVEC CORONA";"Animal";"2.0 ml";"Intra musculaire";"1 fois/Jour";"VACCINATION";"21/11/2025";"";"SAMUEL";"Eleveur";"";"";""
"21/11/2025";"Matin";"21/11/2025";"Soir";"8 235430777";"";"";"O98777";"TABARDEL";"ROTAVEC CORONA";"Animal";"2.0 ml";"Intra musculaire";"1 fois/Jour";"VACCINATION";"21/11/2025";"";"SAMUEL";"Eleveur";"";"";""
"24/11/2025";"Soir";"27/11/2025";"Matin";"FR 8235571331";"1331";"TAMARIS";"";"";"SHOTAPEN";"100 Kg";"10 ml";"Intra musculaire";"1 fois/72 H";"METRITE";"24/11/2025";"";"SAMUEL";"Eleveur";"02/12";"Matin";"31/01"
"08/12/2025";"Matin";"08/12/2025";"Soir";"82 35543543";"";"";"O99378";"DEFRANCE";"BOVILIS CRYPTIUM";"Animal";"2.0 ml";"SC";"1 fois/Jour";"VACCINATION";"08/12/2025";"";"SAMUEL";"Eleveur";"";"";""
"12/12/2025";"Matin";"12/12/2025";"Soir";"82 35599242";"";"";"O97734";"CRASSUS";"NASALGEN";"Animal";"2.0 ml";"Nasal";"1 fois/Jour";"VACCINATION";"19/03/2026";"";"CÉLINE";"Eleveur";"";"";""
"12/12/2025";"Matin";"12/12/2025";"Soir";"8 235599216";"";"";"O97734";"CRASSUS";"NASALGEN";"Animal";"2.0 ml";"Nasal";"1 fois/Jour";"VACCINATION";"19/03/2026";"";"CÉLINE";"Eleveur";"";"";""
"12/12/2025";"Matin";"12/12/2025";"Soir";"8 235599228";"";"";"O97734";"CRASSUS";"NASALGEN";"Animal";"2.0 ml";"Nasal";"1 fois/Jour";"VACCINATION";"19/03/2026";"";"CÉLINE";"Eleveur";"";"";""
"12/12/2025";"Matin";"12/12/2025";"Soir";"8 235599243";"";"";"O97734";"CRASSUS";"NASALGEN";"Animal";"2.0 ml";"Nasal";"1 fois/Jour";"VACCINATION";"19/03/2026";"";"CÉLINE";"Eleveur";"";"";""
"12/12/2025";"Matin";"12/12/2025";"Soir";"8 235599236";"";"";"O97734";"CRASSUS";"NASALGEN";"Animal";"2.0 ml";"Nasal";"1 fois/Jour";"VACCINATION";"19/03/2026";"";"CÉLINE";"Eleveur";"";"";""
"12/12/2025";"Matin";"12/12/2025";"Soir";"8 235599237";"";"";"O97734";"CRASSUS";"NASALGEN";"Animal";"2.0 ml";"Nasal";"1 fois/Jour";"VACCINATION";"19/03/2026";"";"CÉLINE";"Eleveur";"";"";""
"12/12/2025";"Matin";"12/12/2025";"Soir";"8 235599244";"";"";"O97734";"CRASSUS";"NASALGEN";"Animal";"2.0 ml";"Nasal";"1 fois/Jour";"VACCINATION";"19/03/2026";"";"CÉLINE";"Eleveur";"";"";""
"11/01/2026";"Matin";"11/01/2026";"Soir";"82 35590998";"";"";"";"";"NASALGEN";"Animal";"2.0 ml";"Nasal";"1 fois/Jour";";";"";"CÉLINE";"Eleveur";"";"Soir";""
"11/01/2026";"Matin";"11/01/2026";"Soir";"8 235591002";"";"";"";"";"NASALGEN";"Animal";"2.0 ml";"Nasal";"1 fois/Jour";";";"";"CÉLINE";"Eleveur";"";"Soir";""
"11/01/2026";"Matin";"11/01/2026";"Soir";"8 235599212";"";"";"";"";"NASALGEN";"Animal";"2.0 ml";"Nasal";"1 fois/Jour";";";"";"CÉLINE";"Eleveur";"";"Soir";""
"11/01/2026";"Matin";"11/01/2026";"Soir";"8 235591001";"";"";"";"";"NASALGEN";"Animal";"2.0 ml";"Nasal";"1 fois/Jour";";";"";"CÉLINE";"Eleveur";"";"Soir";""
"11/01/2026";"Matin";"11/01/2026";"Soir";"8 235590994";"";"";"";"";"NASALGEN";"Animal";"2.0 ml";"Nasal";"1 fois/Jour";";";"";"CÉLINE";"Eleveur";"";"Soir";""
"11/01/2026";"Matin";"11/01/2026";"Soir";"8 235599218";"";"";"";"";"NASALGEN";"Animal";"2.0 ml";"Nasal";"1 fois/Jour";";";"";"CÉLINE";"Eleveur";"";"Soir";""
"11/01/2026";"Matin";"11/01/2026";"Soir";"8 235599219";"";"";"";"";"NASALGEN";"Animal";"2.0 ml";"Nasal";"1 fois/Jour";";";"";"CÉLINE";"Eleveur";"";"Soir";""
"11/01/2026";"Matin";"11/01/2026";"Soir";"8 235599214";"";"";"";"";"NASALGEN";"Animal";"2.0 ml";"Nasal";"1 fois/Jour";";";"";"CÉLINE";"Eleveur";"";"Soir";""
"11/01/2026";"Matin";"11/01/2026";"Soir";"8 235591000";"";"";"";"";"NASALGEN";"Animal";"2.0 ml";"Nasal";"1 fois/Jour";";";"";"CÉLINE";"Eleveur";"";"Soir";""
"11/01/2026";"Matin";"11/01/2026";"Soir";"8 235599215";"";"";"";"";"NASALGEN";"Animal";"2.0 ml";"Nasal";"1 fois/Jour";";";"";"CÉLINE";"Eleveur";"";"Soir";""
"11/01/2026";"Matin";"11/01/2026";"Soir";"8 235599225";"";"";"";"";"NASALGEN";"Animal";"2.0 ml";"Nasal";"1 fois/Jour";";";"";"CÉLINE";"Eleveur";"";"Soir";""
"11/01/2026";"Matin";"11/01/2026";"Soir";"8 235599221";"";"";"";"";"NASALGEN";"Animal";"2.0 ml";"Nasal";"1 fois/Jour";";";"";"CÉLINE";"Eleveur";"";"Soir";""
"11/01/2026";"Matin";"11/01/2026";"Soir";"8 235599217";"";"";"";"";"NASALGEN";"Animal";"2.0 ml";"Nasal";"1 fois/Jour";";";"";"CÉLINE";"Eleveur";"";"Soir";""
"11/01/2026";"Matin";"11/01/2026";"Soir";"8 235590999";"";"";"";"";"NASALGEN";"Animal";"2.0 ml";"Nasal";"1 fois/Jour";";";"";"CÉLINE";"Eleveur";"";"Soir";""
"11/01/2026";"Matin";"11/01/2026";"Soir";"8 235590997";"";"";"";"";"NASALGEN";"Animal";"2.0 ml";"Nasal";"1 fois/Jour";";";"";"CÉLINE";"Eleveur";"";"Soir";""
"11/01/2026";"Matin";"11/01/2026";"Soir";"8 235590995";"";"";"";"";"NASALGEN";"Animal";"2.0 ml";"Nasal";"1 fois/Jour";";";"";"CÉLINE";"Eleveur";"";"Soir";""
"11/01/2026";"Matin";"11/01/2026";"Soir";"8 235599213";"";"";"";"";"NASALGEN";"Animal";"2.0 ml";"Nasal";"1 fois/Jour";";";"";"CÉLINE";"Eleveur";"";"Soir";""
"11/01/2026";"Matin";"11/01/2026";"Soir";"8 235590996";"";"";"";"";"NASALGEN";"Animal";"2.0 ml";"Nasal";"1 fois/Jour";";";"";"CÉLINE";"Eleveur";"";"Soir";""
"05/02/2026";"Matin";"05/02/2026";"Soir";"82 35599214";"";"";"0276993";"PEREN";"HEPIZOVAC - MHE";"Animal";"4.0 ml";"SC";"1 fois/Jour";"VACCINATION";"05/02/2026";"";"PEREN";"Vétérinaire";"";"";""
"05/02/2026";"Matin";"05/02/2026";"Soir";"8 235591001";"";"";"0276993";"PEREN";"HEPIZOVAC - MHE";"Animal";"4.0 ml";"SC";"1 fois/Jour";"VACCINATION";"05/02/2026";"";"PEREN";"Vétérinaire";"";"";""
"05/02/2026";"Matin";"05/02/2026";"Soir";"8 235599224";"";"";"0276993";"PEREN";"HEPIZOVAC - MHE";"Animal";"4.0 ml";"SC";"1 fois/Jour";"VACCINATION";"05/02/2026";"";"PEREN";"Vétérinaire";"";"";""
"05/02/2026";"Matin";"05/02/2026";"Soir";"8 235590999";"";"";"0276993";"PEREN";"HEPIZOVAC - MHE";"Animal";"4.0 ml";"SC";"1 fois/Jour";"VACCINATION";"05/02/2026";"";"PEREN";"Vétérinaire";"";"";""
"05/02/2026";"Matin";"05/02/2026";"Soir";"8 235599225";"";"";"0276993";"PEREN";"HEPIZOVAC - MHE";"Animal";"4.0 ml";"SC";"1 fois/Jour";"VACCINATION";"05/02/2026";"";"PEREN";"Vétérinaire";"";"";""
"05/02/2026";"Matin";"05/02/2026";"Soir";"8 235599216";"";"";"0276993";"PEREN";"HEPIZOVAC - MHE";"Animal";"4.0 ml";"SC";"1 fois/Jour";"VACCINATION";"05/02/2026";"";"PEREN";"Vétérinaire";"";"";""
"05/02/2026";"Matin";"05/02/2026";"Soir";"8 235599212";"";"";"0276993";"PEREN";"HEPIZOVAC - MHE";"Animal";"4.0 ml";"SC";"1 fois/Jour";"VACCINATION";"05/02/2026";"";"PEREN";"Vétérinaire";"";"";""
"05/02/2026";"Matin";"05/02/2026";"Soir";"8 235599217";"";"";"0276993";"PEREN";"HEPIZOVAC - MHE";"Animal";"4.0 ml";"SC";"1 fois/Jour";"VACCINATION";"05/02/2026";"";"PEREN";"Vétérinaire";"";"";""
"05/02/2026";"Matin";"05/02/2026";"Soir";"8 235599219";"";"";"0276993";"PEREN";"HEPIZOVAC - MHE";"Animal";"4.0 ml";"SC";"1 fois/Jour";"VACCINATION";"05/02/2026";"";"PEREN";"Vétérinaire";"";"";""
"05/02/2026";"Matin";"05/02/2026";"Soir";"8 235599218";"";"";"0276993";"PEREN";"HEPIZOVAC - MHE";"Animal";"4.0 ml";"SC";"1 fois/Jour";"VACCINATION";"05/02/2026";"";"PEREN";"Vétérinaire";"";"";""
"05/02/2026";"Matin";"05/02/2026";"Soir";"8 235599221";"";"";"0276993";"PEREN";"HEPIZOVAC - MHE";"Animal";"4.0 ml";"SC";"1 fois/Jour";"VACCINATION";"05/02/2026";"";"PEREN";"Vétérinaire";"";"";""
"05/02/2026";"Matin";"05/02/2026";"Soir";"8 235590992";"";"";"0276993";"PEREN";"HEPIZOVAC - MHE";"Animal";"4.0 ml";"SC";"1 fois/Jour";"VACCINATION";"05/02/2026";"";"PEREN";"Vétérinaire";"";"";""
"05/02/2026";"Matin";"05/02/2026";"Soir";"8 235590994";"";"";"0276993";"PEREN";"HEPIZOVAC - MHE";"Animal";"4.0 ml";"SC";"1 fois/Jour";"VACCINATION";"05/02/2026";"";"PEREN";"Vétérinaire";"";"";""
"05/02/2026";"Matin";"05/02/2026";"Soir";"8 235591002";"";"";"0276993";"PEREN";"HEPIZOVAC - MHE";"Animal";"4.0 ml";"SC";"1 fois/Jour";"VACCINATION";"05/02/2026";"";"PEREN";"Vétérinaire";"";"";""
"05/02/2026";"Matin";"05/02/2026";"Soir";"8 235590996";"";"";"0276993";"PEREN";"HEPIZOVAC - MHE";"Animal";"4.0 ml";"SC";"1 fois/Jour";"VACCINATION";"05/02/2026";"";"PEREN";"Vétérinaire";"";"";""
"05/02/2026";"Matin";"05/02/2026";"Soir";"8 235590993";"";"";"0276993";"PEREN";"HEPIZOVAC - MHE";"Animal";"4.0 ml";"SC";"1 fois/Jour";"VACCINATION";"05/02/2026";"";"PEREN";"Vétérinaire";"";"";""
"05/02/2026";"Matin";"05/02/2026";"Soir";"8 235590998";"";"";"0276993";"PEREN";"HEPIZOVAC - MHE";"Animal";"4.0 ml";"SC";"1 fois/Jour";"VACCINATION";"05/02/2026";"";"PEREN";"Vétérinaire";"";"";""
"05/02/2026";"Matin";"05/02/2026";"Soir";"8 235599213";"";"";"0276993";"PEREN";"HEPIZOVAC - MHE";"Animal";"4.0 ml";"SC";"1 fois/Jour";"VACCINATION";"05/02/2026";"";"PEREN";"Vétérinaire";"";"";""
"05/02/2026";"Matin";"05/02/2026";"Soir";"8 235590997";"";"";"0276993";"PEREN";"HEPIZOVAC - MHE";"Animal";"4.0 ml";"SC";"1 fois/Jour";"VACCINATION";"05/02/2026";"";"PEREN";"Vétérinaire";"";"";""
"05/02/2026";"Matin";"05/02/2026";"Soir";"8 235590987";"";"";"0276993";"PEREN";"HEPIZOVAC - MHE";"Animal";"4.0 ml";"SC";"1 fois/Jour";"VACCINATION";"05/02/2026";"";"PEREN";"Vétérinaire";"";"";""
"05/02/2026";"Matin";"05/02/2026";"Soir";"8 235599215";"";"";"0276993";"PEREN";"HEPIZOVAC - MHE";"Animal";"4.0 ml";"SC";"1 fois/Jour";"VACCINATION";"05/02/2026";"";"PEREN";"Vétérinaire";"";"";""
"05/02/2026";"Matin";"05/02/2026";"Soir";"8 235590995";"";"";"0276993";"PEREN";"HEPIZOVAC - MHE";"Animal";"4.0 ml";"SC";"1 fois/Jour";"VACCINATION";"05/02/2026";"";"PEREN";"Vétérinaire";"";"";""
"05/02/2026";"Matin";"05/02/2026";"Soir";"8 235590991";"";"";"0276993";"PEREN";"HEPIZOVAC - MHE";"Animal";"4.0 ml";"SC";"1 fois/Jour";"VACCINATION";"05/02/2026";"";"PEREN";"Vétérinaire";"";"";""
"05/02/2026";"Matin";"05/02/2026";"Soir";"8 235591000";"";"";"0276993";"PEREN";"HEPIZOVAC - MHE";"Animal";"4.0 ml";"SC";"1 fois/Jour";"VACCINATION";"05/02/2026";"";"PEREN";"Vétérinaire";"";"";""
"05/02/2026";"Matin";"05/02/2026";"Soir";"8 235599222";"";"";"0276993";"PEREN";"HEPIZOVAC - MHE";"Animal";"4.0 ml";"SC";"1 fois/Jour";"VACCINATION";"05/02/2026";"";"PEREN";"Vétérinaire";"";"";""
"05/02/2026";"Matin";"05/02/2026";"Soir";"82 35529328";"";"";"O91921";"DEFRANCE";"DOUVISTOME";"Animal";"100.0 ml";"VO";"1 fois/Jour";"PARASITISME";"05/02/2026";"";"SAMUEL";"Eleveur";"10/02";"Soir";"20/02"
"05/02/2026";"Matin";"05/02/2026";"Soir";"8 235419854";"";"";"O91921";"DEFRANCE";"DOUVISTOME";"Animal";"100.0 ml";"VO";"1 fois/Jour";"PARASITISME";"05/02/2026";"";"SAMUEL";"Eleveur";"10/02";"Soir";"20/02"
"05/02/2026";"Matin";"05/02/2026";"Soir";"8 160070592";"";"";"O91921";"DEFRANCE";"DOUVISTOME";"Animal";"100.0 ml";"VO";"1 fois/Jour";"PARASITISME";"05/02/2026";"";"SAMUEL";"Eleveur";"10/02";"Soir";"20/02"
"05/02/2026";"Matin";"05/02/2026";"Soir";"8 235444151";"";"";"O91921";"DEFRANCE";"DOUVISTOME";"Animal";"100.0 ml";"VO";"1 fois/Jour";"PARASITISME";"05/02/2026";"";"SAMUEL";"Eleveur";"10/02";"Soir";"20/02"
"05/02/2026";"Matin";"05/02/2026";"Soir";"8 235557926";"";"";"O91921";"DEFRANCE";"DOUVISTOME";"Animal";"100.0 ml";"VO";"1 fois/Jour";"PARASITISME";"05/02/2026";"";"SAMUEL";"Eleveur";"10/02";"Soir";"20/02"
"05/02/2026";"Matin";"05/02/2026";"Soir";"8 235565536";"";"";"O91921";"DEFRANCE";"DOUVISTOME";"Animal";"100.0 ml";"VO";"1 fois/Jour";"PARASITISME";"05/02/2026";"";"SAMUEL";"Eleveur";"10/02";"Soir";"20/02"
"05/02/2026";"Matin";"05/02/2026";"Soir";"8 235557968";"";"";"O91921";"DEFRANCE";"DOUVISTOME";"Animal";"100.0 ml";"VO";"1 fois/Jour";"PARASITISME";"05/02/2026";"";"SAMUEL";"Eleveur";"10/02";"Soir";"20/02"
"05/02/2026";"Matin";"05/02/2026";"Soir";"8 235557923";"";"";"O91921";"DEFRANCE";"DOUVISTOME";"Animal";"100.0 ml";"VO";"1 fois/Jour";"PARASITISME";"05/02/2026";"";"SAMUEL";"Eleveur";"10/02";"Soir";"20/02"
"05/02/2026";"Matin";"05/02/2026";"Soir";"8 235515718";"";"";"O91921";"DEFRANCE";"DOUVISTOME";"Animal";"100.0 ml";"VO";"1 fois/Jour";"PARASITISME";"05/02/2026";"";"SAMUEL";"Eleveur";"10/02";"Soir";"20/02"
"05/02/2026";"Matin";"05/02/2026";"Soir";"8 235529326";"";"";"O91921";"DEFRANCE";"DOUVISTOME";"Animal";"100.0 ml";"VO";"1 fois/Jour";"PARASITISME";"05/02/2026";"";"SAMUEL";"Eleveur";"10/02";"Soir";"20/02"
"05/02/2026";"Matin";"05/02/2026";"Soir";"8 235444148";"";"";"O91921";"DEFRANCE";"DOUVISTOME";"Animal";"100.0 ml";"VO";"1 fois/Jour";"PARASITISME";"05/02/2026";"";"SAMUEL";"Eleveur";"10/02";"Soir";"20/02"
"05/02/2026";"Matin";"05/02/2026";"Soir";"8 235543533";"";"";"O91921";"DEFRANCE";"DOUVISTOME";"Animal";"100.0 ml";"VO";"1 fois/Jour";"PARASITISME";"05/02/2026";"";"SAMUEL";"Eleveur";"10/02";"Soir";"20/02"
"05/02/2026";"Matin";"05/02/2026";"Soir";"8 235529327";"";"";"O91921";"DEFRANCE";"DOUVISTOME";"Animal";"100.0 ml";"VO";"1 fois/Jour";"PARASITISME";"05/02/2026";"";"SAMUEL";"Eleveur";"10/02";"Soir";"20/02"
"05/02/2026";"Matin";"05/02/2026";"Soir";"8 235464421";"";"";"O91921";"DEFRANCE";"DOUVISTOME";"Animal";"100.0 ml";"VO";"1 fois/Jour";"PARASITISME";"05/02/2026";"";"SAMUEL";"Eleveur";"10/02";"Soir";"20/02"
"05/02/2026";"Matin";"05/02/2026";"Soir";"6 505616375";"";"";"O91921";"DEFRANCE";"DOUVISTOME";"Animal";"100.0 ml";"VO";"1 fois/Jour";"PARASITISME";"05/02/2026";"";"SAMUEL";"Eleveur";"10/02";"Soir";"20/02"
"05/02/2026";"Matin";"05/02/2026";"Soir";"8 160070588";"";"";"O91921";"DEFRANCE";"DOUVISTOME";"Animal";"100.0 ml";"VO";"1 fois/Jour";"PARASITISME";"05/02/2026";"";"SAMUEL";"Eleveur";"10/02";"Soir";"20/02"
"05/02/2026";"Matin";"05/02/2026";"Soir";"8 235474451";"";"";"O91921";"DEFRANCE";"DOUVISTOME";"Animal";"100.0 ml";"VO";"1 fois/Jour";"PARASITISME";"05/02/2026";"";"SAMUEL";"Eleveur";"10/02";"Soir";"20/02"
"05/02/2026";"Matin";"05/02/2026";"Soir";"8 235529317";"";"";"O91921";"DEFRANCE";"DOUVISTOME";"Animal";"100.0 ml";"VO";"1 fois/Jour";"PARASITISME";"05/02/2026";"";"SAMUEL";"Eleveur";"10/02";"Soir";"20/02"
"05/02/2026";"Matin";"05/02/2026";"Soir";"4 632709235";"";"";"O91921";"DEFRANCE";"DOUVISTOME";"Animal";"100.0 ml";"VO";"1 fois/Jour";"PARASITISME";"05/02/2026";"";"SAMUEL";"Eleveur";"10/02";"Soir";"20/02"
"05/02/2026";"Matin";"05/02/2026";"Soir";"8 235529318";"";"";"O91921";"DEFRANCE";"DOUVISTOME";"Animal";"100.0 ml";"VO";"1 fois/Jour";"PARASITISME";"05/02/2026";"";"SAMUEL";"Eleveur";"10/02";"Soir";"20/02"
"05/02/2026";"Matin";"05/02/2026";"Soir";"8 235430756";"";"";"O91921";"DEFRANCE";"DOUVISTOME";"Animal";"100.0 ml";"VO";"1 fois/Jour";"PARASITISME";"05/02/2026";"";"SAMUEL";"Eleveur";"10/02";"Soir";"20/02"
"05/02/2026";"Matin";"05/02/2026";"Soir";"6 505715441";"";"";"O91921";"DEFRANCE";"DOUVISTOME";"Animal";"100.0 ml";"VO";"1 fois/Jour";"PARASITISME";"05/02/2026";"";"SAMUEL";"Eleveur";"10/02";"Soir";"20/02"
"05/02/2026";"Matin";"05/02/2026";"Soir";"8 235571333";"";"";"O91921";"DEFRANCE";"DOUVISTOME";"Animal";"100.0 ml";"VO";"1 fois/Jour";"PARASITISME";"05/02/2026";"";"SAMUEL";"Eleveur";"10/02";"Soir";"20/02"
"05/02/2026";"Matin";"05/02/2026";"Soir";"3 100327482";"";"";"O91921";"DEFRANCE";"DOUVISTOME";"Animal";"100.0 ml";"VO";"1 fois/Jour";"PARASITISME";"05/02/2026";"";"SAMUEL";"Eleveur";"10/02";"Soir";"20/02"
"05/02/2026";"Matin";"05/02/2026";"Soir";"8 235565520";"";"";"O91921";"DEFRANCE";"DOUVISTOME";"Animal";"100.0 ml";"VO";"1 fois/Jour";"PARASITISME";"05/02/2026";"";"SAMUEL";"Eleveur";"10/02";"Soir";"20/02"
"05/02/2026";"Matin";"05/02/2026";"Soir";"8 235464428";"";"";"O91921";"DEFRANCE";"DOUVISTOME";"Animal";"100.0 ml";"VO";"1 fois/Jour";"PARASITISME";"05/02/2026";"";"SAMUEL";"Eleveur";"10/02";"Soir";"20/02"
"05/02/2026";"Matin";"05/02/2026";"Soir";"8 235529323";"";"";"O91921";"DEFRANCE";"DOUVISTOME";"Animal";"100.0 ml";"VO";"1 fois/Jour";"PARASITISME";"05/02/2026";"";"SAMUEL";"Eleveur";"10/02";"Soir";"20/02"
"05/02/2026";"Matin";"05/02/2026";"Soir";"6 505715421";"";"";"O91921";"DEFRANCE";"DOUVISTOME";"Animal";"100.0 ml";"VO";"1 fois/Jour";"PARASITISME";"05/02/2026";"";"SAMUEL";"Eleveur";"10/02";"Soir";"20/02"
"05/02/2026";"Matin";"05/02/2026";"Soir";"8 235543542";"";"";"O91921";"DEFRANCE";"DOUVISTOME";"Animal";"100.0 ml";"VO";"1 fois/Jour";"PARASITISME";"05/02/2026";"";"SAMUEL";"Eleveur";"10/02";"Soir";"20/02"
"05/02/2026";"Matin";"05/02/2026";"Soir";"8 235557959";"";"";"O91921";"DEFRANCE";"DOUVISTOME";"Animal";"100.0 ml";"VO";"1 fois/Jour";"PARASITISME";"05/02/2026";"";"SAMUEL";"Eleveur";"10/02";"Soir";"20/02"
"05/02/2026";"Matin";"05/02/2026";"Soir";"8 235506377";"";"";"O91921";"DEFRANCE";"DOUVISTOME";"Animal";"100.0 ml";"VO";"1 fois/Jour";"PARASITISME";"05/02/2026";"";"SAMUEL";"Eleveur";"10/02";"Soir";"20/02"
"05/02/2026";"Matin";"05/02/2026";"Soir";"8 235571335";"";"";"O91921";"DEFRANCE";"DOUVISTOME";"Animal";"100.0 ml";"VO";"1 fois/Jour";"PARASITISME";"05/02/2026";"";"SAMUEL";"Eleveur";"10/02";"Soir";"20/02"
"05/02/2026";"Matin";"05/02/2026";"Soir";"8 235430777";"";"";"O91921";"DEFRANCE";"DOUVISTOME";"Animal";"100.0 ml";"VO";"1 fois/Jour";"PARASITISME";"05/02/2026";"";"SAMUEL";"Eleveur";"10/02";"Soir";"20/02"
"05/02/2026";"Matin";"05/02/2026";"Soir";"8 222010580";"";"";"O91921";"DEFRANCE";"DOUVISTOME";"Animal";"100.0 ml";"VO";"1 fois/Jour";"PARASITISME";"05/02/2026";"";"SAMUEL";"Eleveur";"10/02";"Soir";"20/02"
"05/02/2026";"Matin";"05/02/2026";"Soir";"6 505616393";"";"";"O91921";"DEFRANCE";"DOUVISTOME";"Animal";"100.0 ml";"VO";"1 fois/Jour";"PARASITISME";"05/02/2026";"";"SAMUEL";"Eleveur";"10/02";"Soir";"20/02"
"05/02/2026";"Matin";"05/02/2026";"Soir";"1 220153257";"";"";"O91921";"DEFRANCE";"DOUVISTOME";"Animal";"100.0 ml";"VO";"1 fois/Jour";"PARASITISME";"05/02/2026";"";"SAMUEL";"Eleveur";"10/02";"Soir";"20/02"
"05/02/2026";"Matin";"05/02/2026";"Soir";"8 222010659";"";"";"O91921";"DEFRANCE";"DOUVISTOME";"Animal";"100.0 ml";"VO";"1 fois/Jour";"PARASITISME";"05/02/2026";"";"SAMUEL";"Eleveur";"10/02";"Soir";"20/02"
"05/02/2026";"Matin";"05/02/2026";"Soir";"3 210932659";"";"";"O91921";"DEFRANCE";"DOUVISTOME";"Animal";"100.0 ml";"VO";"1 fois/Jour";"PARASITISME";"05/02/2026";"";"SAMUEL";"Eleveur";"10/02";"Soir";"20/02"
"05/02/2026";"Matin";"05/02/2026";"Soir";"8 235361003";"";"";"O91921";"DEFRANCE";"DOUVISTOME";"Animal";"100.0 ml";"VO";"1 fois/Jour";"PARASITISME";"05/02/2026";"";"SAMUEL";"Eleveur";"10/02";"Soir";"20/02"
"05/02/2026";"Matin";"05/02/2026";"Soir";"8 235506362";"";"";"O91921";"DEFRANCE";"DOUVISTOME";"Animal";"100.0 ml";"VO";"1 fois/Jour";"PARASITISME";"05/02/2026";"";"SAMUEL";"Eleveur";"10/02";"Soir";"20/02"
"05/02/2026";"Matin";"05/02/2026";"Soir";"8 235543535";"";"";"O91921";"DEFRANCE";"DOUVISTOME";"Animal";"100.0 ml";"VO";"1 fois/Jour";"PARASITISME";"05/02/2026";"";"SAMUEL";"Eleveur";"10/02";"Soir";"20/02"
"05/02/2026";"Matin";"05/02/2026";"Soir";"8 235565517";"";"";"O91921";"DEFRANCE";"DOUVISTOME";"Animal";"100.0 ml";"VO";"1 fois/Jour";"PARASITISME";"05/02/2026";"";"SAMUEL";"Eleveur";"10/02";"Soir";"20/02"
"05/02/2026";"Matin";"05/02/2026";"Soir";"1 221371520";"";"";"O91921";"DEFRANCE";"DOUVISTOME";"Animal";"100.0 ml";"VO";"1 fois/Jour";"PARASITISME";"05/02/2026";"";"SAMUEL";"Eleveur";"10/02";"Soir";"20/02"
"05/02/2026";"Matin";"05/02/2026";"Soir";"8 235373753";"";"";"O91921";"DEFRANCE";"DOUVISTOME";"Animal";"100.0 ml";"VO";"1 fois/Jour";"PARASITISME";"05/02/2026";"";"SAMUEL";"Eleveur";"10/02";"Soir";"20/02"
"05/02/2026";"Matin";"05/02/2026";"Soir";"6 505715458";"";"";"O91921";"DEFRANCE";"DOUVISTOME";"Animal";"100.0 ml";"VO";"1 fois/Jour";"PARASITISME";"05/02/2026";"";"SAMUEL";"Eleveur";"10/02";"Soir";"20/02"
"05/02/2026";"Matin";"05/02/2026";"Soir";"8 235493890";"";"";"O91921";"DEFRANCE";"DOUVISTOME";"Animal";"100.0 ml";"VO";"1 fois/Jour";"PARASITISME";"05/02/2026";"";"SAMUEL";"Eleveur";"10/02";"Soir";"20/02"
"05/02/2026";"Matin";"05/02/2026";"Soir";"8 235474463";"";"";"O91921";"DEFRANCE";"DOUVISTOME";"Animal";"100.0 ml";"VO";"1 fois/Jour";"PARASITISME";"05/02/2026";"";"SAMUEL";"Eleveur";"10/02";"Soir";"20/02"
"05/02/2026";"Matin";"05/02/2026";"Soir";"8 235409558";"";"";"O91921";"DEFRANCE";"DOUVISTOME";"Animal";"100.0 ml";"VO";"1 fois/Jour";"PARASITISME";"05/02/2026";"";"SAMUEL";"Eleveur";"10/02";"Soir";"20/02"
"05/02/2026";"Matin";"05/02/2026";"Soir";"8 235557960";"";"";"O91921";"DEFRANCE";"DOUVISTOME";"Animal";"100.0 ml";"VO";"1 fois/Jour";"PARASITISME";"05/02/2026";"";"SAMUEL";"Eleveur";"10/02";"Soir";"20/02"
"05/02/2026";"Matin";"05/02/2026";"Soir";"8 235430776";"";"";"O91921";"DEFRANCE";"DOUVISTOME";"Animal";"100.0 ml";"VO";"1 fois/Jour";"PARASITISME";"05/02/2026";"";"SAMUEL";"Eleveur";"10/02";"Soir";"20/02"
"05/02/2026";"Matin";"05/02/2026";"Soir";"3 100317290";"";"";"O91921";"DEFRANCE";"DOUVISTOME";"Animal";"100.0 ml";"VO";"1 fois/Jour";"PARASITISME";"05/02/2026";"";"SAMUEL";"Eleveur";"10/02";"Soir";"20/02"
"05/02/2026";"Matin";"05/02/2026";"Soir";"3 100317284";"";"";"O91921";"DEFRANCE";"DOUVISTOME";"Animal";"100.0 ml";"VO";"1 fois/Jour";"PARASITISME";"05/02/2026";"";"SAMUEL";"Eleveur";"10/02";"Soir";"20/02"
"05/02/2026";"Matin";"05/02/2026";"Soir";"8 235543543";"";"";"O91921";"DEFRANCE";"DOUVISTOME";"Animal";"100.0 ml";"VO";"1 fois/Jour";"PARASITISME";"05/02/2026";"";"SAMUEL";"Eleveur";"10/02";"Soir";"20/02"
"05/02/2026";"Matin";"05/02/2026";"Soir";"1 220153281";"";"";"O91921";"DEFRANCE";"DOUVISTOME";"Animal";"100.0 ml";"VO";"1 fois/Jour";"PARASITISME";"05/02/2026";"";"SAMUEL";"Eleveur";"10/02";"Soir";"20/02"
"05/02/2026";"Matin";"05/02/2026";"Soir";"8 210026324";"";"";"O91921";"DEFRANCE";"DOUVISTOME";"Animal";"100.0 ml";"VO";"1 fois/Jour";"PARASITISME";"05/02/2026";"";"SAMUEL";"Eleveur";"10/02";"Soir";"20/02"
"05/02/2026";"Matin";"05/02/2026";"Soir";"8 235529278";"";"";"O91921";"DEFRANCE";"DOUVISTOME";"Animal";"100.0 ml";"VO";"1 fois/Jour";"PARASITISME";"05/02/2026";"";"SAMUEL";"Eleveur";"10/02";"Soir";"20/02"
"05/02/2026";"Matin";"05/02/2026";"Soir";"8 235571357";"";"";"O91921";"DEFRANCE";"DOUVISTOME";"Animal";"100.0 ml";"VO";"1 fois/Jour";"PARASITISME";"05/02/2026";"";"SAMUEL";"Eleveur";"10/02";"Soir";"20/02"
"05/02/2026";"Matin";"05/02/2026";"Soir";"4 635275482";"";"";"O91921";"DEFRANCE";"DOUVISTOME";"Animal";"100.0 ml";"VO";"1 fois/Jour";"PARASITISME";"05/02/2026";"";"SAMUEL";"Eleveur";"10/02";"Soir";"20/02"
"05/02/2026";"Matin";"05/02/2026";"Soir";"8 235394791";"";"";"O91921";"DEFRANCE";"DOUVISTOME";"Animal";"100.0 ml";"VO";"1 fois/Jour";"PARASITISME";"05/02/2026";"";"SAMUEL";"Eleveur";"10/02";"Soir";"20/02"
"05/02/2026";"Matin";"05/02/2026";"Soir";"8 235543540";"";"";"O91921";"DEFRANCE";"DOUVISTOME";"Animal";"100.0 ml";"VO";"1 fois/Jour";"PARASITISME";"05/02/2026";"";"SAMUEL";"Eleveur";"10/02";"Soir";"20/02"
"05/02/2026";"Matin";"05/02/2026";"Soir";"8 235409559";"";"";"O91921";"DEFRANCE";"DOUVISTOME";"Animal";"100.0 ml";"VO";"1 fois/Jour";"PARASITISME";"05/02/2026";"";"SAMUEL";"Eleveur";"10/02";"Soir";"20/02"
"05/02/2026";"Matin";"05/02/2026";"Soir";"8 235444143";"";"";"O91921";"DEFRANCE";"DOUVISTOME";"Animal";"100.0 ml";"VO";"1 fois/Jour";"PARASITISME";"05/02/2026";"";"SAMUEL";"Eleveur";"10/02";"Soir";"20/02"
"05/02/2026";"Matin";"05/02/2026";"Soir";"8 222010586";"";"";"O91921";"DEFRANCE";"DOUVISTOME";"Animal";"100.0 ml";"VO";"1 fois/Jour";"PARASITISME";"05/02/2026";"";"SAMUEL";"Eleveur";"10/02";"Soir";"20/02"
"05/02/2026";"Matin";"05/02/2026";"Soir";"8 160070555";"";"";"O91921";"DEFRANCE";"DOUVISTOME";"Animal";"100.0 ml";"VO";"1 fois/Jour";"PARASITISME";"05/02/2026";"";"SAMUEL";"Eleveur";"10/02";"Soir";"20/02"
"05/02/2026";"Matin";"05/02/2026";"Soir";"8 235436101";"";"";"O91921";"DEFRANCE";"DOUVISTOME";"Animal";"100.0 ml";"VO";"1 fois/Jour";"PARASITISME";"05/02/2026";"";"SAMUEL";"Eleveur";"10/02";"Soir";"20/02"
"05/02/2026";"Matin";"05/02/2026";"Soir";"8 160070568";"";"";"O91921";"DEFRANCE";"DOUVISTOME";"Animal";"100.0 ml";"VO";"1 fois/Jour";"PARASITISME";"05/02/2026";"";"SAMUEL";"Eleveur";"10/02";"Soir";"20/02"
"05/02/2026";"Matin";"05/02/2026";"Soir";"8 222010655";"";"";"O91921";"DEFRANCE";"DOUVISTOME";"Animal";"100.0 ml";"VO";"1 fois/Jour";"PARASITISME";"05/02/2026";"";"SAMUEL";"Eleveur";"10/02";"Soir";"20/02"
"05/02/2026";"Matin";"05/02/2026";"Soir";"8 235571331";"";"";"O91921";"DEFRANCE";"DOUVISTOME";"Animal";"100.0 ml";"VO";"1 fois/Jour";"PARASITISME";"05/02/2026";"";"SAMUEL";"Eleveur";"10/02";"Soir";"20/02"
"05/02/2026";"Matin";"05/02/2026";"Soir";"8 235554286";"";"";"O91921";"DEFRANCE";"DOUVISTOME";"Animal";"100.0 ml";"VO";"1 fois/Jour";"PARASITISME";"05/02/2026";"";"SAMUEL";"Eleveur";"10/02";"Soir";"20/02"
"05/02/2026";"Matin";"05/02/2026";"Soir";"8 235444152";"";"";"O91921";"DEFRANCE";"DOUVISTOME";"Animal";"100.0 ml";"VO";"1 fois/Jour";"PARASITISME";"05/02/2026";"";"SAMUEL";"Eleveur";"10/02";"Soir";"20/02"
"05/02/2026";"Matin";"05/02/2026";"Soir";"1 220153235";"";"";"O91921";"DEFRANCE";"DOUVISTOME";"Animal";"100.0 ml";"VO";"1 fois/Jour";"PARASITISME";"05/02/2026";"";"SAMUEL";"Eleveur";"10/02";"Soir";"20/02"
"05/02/2026";"Matin";"05/02/2026";"Soir";"8 235529321";"";"";"O91921";"DEFRANCE";"DOUVISTOME";"Animal";"100.0 ml";"VO";"1 fois/Jour";"PARASITISME";"05/02/2026";"";"SAMUEL";"Eleveur";"10/02";"Soir";"20/02"
"05/02/2026";"Matin";"05/02/2026";"Soir";"8 235482124";"";"";"O91921";"DEFRANCE";"DOUVISTOME";"Animal";"100.0 ml";"VO";"1 fois/Jour";"PARASITISME";"05/02/2026";"";"SAMUEL";"Eleveur";"10/02";"Soir";"20/02"
"06/02/2026";"Soir";"07/02/2026";"Matin";"FR 8235599232";"9232";"ANATOLE";"";"";"TENALINE L.A.";"100 Kg";"10 ml";"Intra musculaire";"1 fois/Jour";"GRIPPE";"06/02/2026";"";"SAMUEL";"Eleveur";"14/02";"Matin";"01/03"
"06/02/2026";"Soir";"11/02/2026";"Matin";"FR 8235599232";"9232";"ANATOLE";"";"";"TOLFINE";"100 Kg";"5 ml";"Intra musculaire";"48 fois/Jour";"GRIPPE";"06/02/2026";"";"SAMUEL";"Eleveur";"06/02";"Matin";"24/02"
"06/02/2026";"Soir";"09/02/2026";"Matin";"FR 8235599232";"9232";"ANATOLE";"";"";"DIURIZONE INJECTABLE";"Animal";"10 ml";"Intra musculaire";"1 fois/Jour";"GRIPPE";"06/02/2026";"";"SAMUEL";"Eleveur";"11/02";"Matin";"13/02"
"06/02/2026";"Soir";"08/02/2026";"Matin";"FR 8235599232";"9232";"ANATOLE";"";"";"SELECTAN";"100 Kg";"6 ml";"Intra musculaire";"1 fois/48 H";"GRIPPE";"06/02/2026";"";"SAMUEL";"Eleveur";"16/04";"Matin";"11/03"
"06/02/2026";"Matin";"06/02/2026";"Soir";"82 35599261";"";"";"O97734";"CRASSUS";"NASALGEN";"Animal";"2.0 ml";"Nasal";"1 fois/Jour";"VACCINATION";"06/02/2026";"";"CÉLINE";"Eleveur";"";"";""
"06/02/2026";"Matin";"06/02/2026";"Soir";"8 235599260";"";"";"O97734";"CRASSUS";"NASALGEN";"Animal";"2.0 ml";"Nasal";"1 fois/Jour";"VACCINATION";"06/02/2026";"";"CÉLINE";"Eleveur";"";"";""
"06/02/2026";"Matin";"06/02/2026";"Soir";"8 235607483";"";"";"O97734";"CRASSUS";"NASALGEN";"Animal";"2.0 ml";"Nasal";"1 fois/Jour";"VACCINATION";"06/02/2026";"";"CÉLINE";"Eleveur";"";"";""
"06/02/2026";"Matin";"06/02/2026";"Soir";"8 235607505";"";"";"O97734";"CRASSUS";"NASALGEN";"Animal";"2.0 ml";"Nasal";"1 fois/Jour";"VACCINATION";"06/02/2026";"";"CÉLINE";"Eleveur";"";"";""
"07/02/2026";"Matin";"16/02/2026";"Soir";"82 35571331";"";"";"26-02-0248";"LADANT";"BIMOXYL LA";"100 Kg";"10.0 ml";"Intra musculaire";"1 fois/48 H";"TROUBLES URINA";"07/02/2026";"";"SAMUEL";"Eleveur";"18/02";"Soir";"07/03"
"07/02/2026";"Matin";"07/02/2026";"Soir";"82 35599230";"";"";"26-02-0206";"LADANT";"NASIM";"Animal";"2.0 ml";"Intra musculaire";"1 fois/Jour";"VACCINATION";"07/02/2026";"";"CÉLINE";"Eleveur";"";"";""
"07/02/2026";"Matin";"07/02/2026";"Soir";"8 235599238";"";"";"26-02-0206";"LADANT";"NASIM";"Animal";"2.0 ml";"Intra musculaire";"1 fois/Jour";"VACCINATION";"07/02/2026";"";"CÉLINE";"Eleveur";"";"";""
"07/02/2026";"Matin";"07/02/2026";"Soir";"8 235599237";"";"";"26-02-0206";"LADANT";"NASIM";"Animal";"2.0 ml";"Intra musculaire";"1 fois/Jour";"VACCINATION";"07/02/2026";"";"CÉLINE";"Eleveur";"";"";""
"07/02/2026";"Matin";"07/02/2026";"Soir";"8 235599227";"";"";"26-02-0206";"LADANT";"NASIM";"Animal";"2.0 ml";"Intra musculaire";"1 fois/Jour";"VACCINATION";"07/02/2026";"";"CÉLINE";"Eleveur";"";"";""
"07/02/2026";"Matin";"07/02/2026";"Soir";"8 235599261";"";"";"26-02-0206";"LADANT";"NASIM";"Animal";"2.0 ml";"Intra musculaire";"1 fois/Jour";"VACCINATION";"07/02/2026";"";"CÉLINE";"Eleveur";"";"";""
"07/02/2026";"Matin";"07/02/2026";"Soir";"8 235599228";"";"";"26-02-0206";"LADANT";"NASIM";"Animal";"2.0 ml";"Intra musculaire";"1 fois/Jour";"VACCINATION";"07/02/2026";"";"CÉLINE";"Eleveur";"";"";""
"07/02/2026";"Matin";"07/02/2026";"Soir";"8 235599239";"";"";"26-02-0206";"LADANT";"NASIM";"Animal";"2.0 ml";"Intra musculaire";"1 fois/Jour";"VACCINATION";"07/02/2026";"";"CÉLINE";"Eleveur";"";"";""
"07/02/2026";"Matin";"07/02/2026";"Soir";"8 235599234";"";"";"26-02-0206";"LADANT";"NASIM";"Animal";"2.0 ml";"Intra musculaire";"1 fois/Jour";"VACCINATION";"07/02/2026";"";"CÉLINE";"Eleveur";"";"";""
"07/02/2026";"Matin";"07/02/2026";"Soir";"8 235599236";"";"";"26-02-0206";"LADANT";"NASIM";"Animal";"2.0 ml";"Intra musculaire";"1 fois/Jour";"VACCINATION";"07/02/2026";"";"CÉLINE";"Eleveur";"";"";""
"12/02/2026";"Matin";"12/02/2026";"Soir";"82 35464421";"";"";"O99424";"DUISIT";"BOVILIS CRYPTIUM";"Animal";"2.0 ml";"SC";"1 fois/Jour";"VACCINATION";"12/02/2026";"";"SAMUEL";"Eleveur";"";"";""
"12/02/2026";"Matin";"12/02/2026";"Soir";"8 235543540";"";"";"O99424";"DUISIT";"BOVILIS CRYPTIUM";"Animal";"2.0 ml";"SC";"1 fois/Jour";"VACCINATION";"12/02/2026";"";"SAMUEL";"Eleveur";"";"";""
"12/02/2026";"Matin";"12/02/2026";"Soir";"8 222010580";"";"";"O99424";"DUISIT";"BOVILIS CRYPTIUM";"Animal";"2.0 ml";"SC";"1 fois/Jour";"VACCINATION";"12/02/2026";"";"SAMUEL";"Eleveur";"";"";""
"12/02/2026";"Matin";"12/02/2026";"Soir";"3 210932659";"";"";"O99424";"DUISIT";"BOVILIS CRYPTIUM";"Animal";"2.0 ml";"SC";"1 fois/Jour";"VACCINATION";"12/02/2026";"";"SAMUEL";"Eleveur";"";"";""
"12/02/2026";"Matin";"12/02/2026";"Soir";"6 505715421";"";"";"O99424";"DUISIT";"BOVILIS CRYPTIUM";"Animal";"2.0 ml";"SC";"1 fois/Jour";"VACCINATION";"12/02/2026";"";"SAMUEL";"Eleveur";"";"";""
"12/02/2026";"Matin";"12/02/2026";"Soir";"8 235554286";"";"";"O99424";"DUISIT";"BOVILIS CRYPTIUM";"Animal";"2.0 ml";"SC";"1 fois/Jour";"VACCINATION";"12/02/2026";"";"SAMUEL";"Eleveur";"";"";""
"12/02/2026";"Matin";"12/02/2026";"Soir";"3 100327482";"";"";"O99424";"DUISIT";"BOVILIS CRYPTIUM";"Animal";"2.0 ml";"SC";"1 fois/Jour";"VACCINATION";"12/02/2026";"";"SAMUEL";"Eleveur";"";"";""
"12/02/2026";"Matin";"12/02/2026";"Soir";"1 220153281";"";"";"O99424";"DUISIT";"BOVILIS CRYPTIUM";"Animal";"2.0 ml";"SC";"1 fois/Jour";"VACCINATION";"12/02/2026";"";"SAMUEL";"Eleveur";"";"";""
"12/02/2026";"Matin";"12/02/2026";"Soir";"8 235557959";"";"";"O99424";"DUISIT";"BOVILIS CRYPTIUM";"Animal";"2.0 ml";"SC";"1 fois/Jour";"VACCINATION";"12/02/2026";"";"SAMUEL";"Eleveur";"";"";""
"12/02/2026";"Matin";"12/02/2026";"Soir";"1 220153235";"";"";"O99424";"DUISIT";"BOVILIS CRYPTIUM";"Animal";"2.0 ml";"SC";"1 fois/Jour";"VACCINATION";"12/02/2026";"";"SAMUEL";"Eleveur";"";"";""
"12/02/2026";"Matin";"12/02/2026";"Soir";"8 235571357";"";"";"O99424";"DUISIT";"BOVILIS CRYPTIUM";"Animal";"2.0 ml";"SC";"1 fois/Jour";"VACCINATION";"12/02/2026";"";"SAMUEL";"Eleveur";"";"";""
"12/02/2026";"Matin";"12/02/2026";"Soir";"8 235493890";"";"";"O99424";"DUISIT";"BOVILIS CRYPTIUM";"Animal";"2.0 ml";"SC";"1 fois/Jour";"VACCINATION";"12/02/2026";"";"SAMUEL";"Eleveur";"";"";""
"12/02/2026";"Matin";"12/02/2026";"Soir";"3 100317284";"";"";"O99424";"DUISIT";"BOVILIS CRYPTIUM";"Animal";"2.0 ml";"SC";"1 fois/Jour";"VACCINATION";"12/02/2026";"";"SAMUEL";"Eleveur";"";"";""
"12/02/2026";"Matin";"12/02/2026";"Soir";"1 220153257";"";"";"O99424";"DUISIT";"BOVILIS CRYPTIUM";"Animal";"2.0 ml";"SC";"1 fois/Jour";"VACCINATION";"12/02/2026";"";"SAMUEL";"Eleveur";"";"";""
"12/02/2026";"Matin";"12/02/2026";"Soir";"8 235444148";"";"";"O99424";"DUISIT";"BOVILIS CRYPTIUM";"Animal";"2.0 ml";"SC";"1 fois/Jour";"VACCINATION";"12/02/2026";"";"SAMUEL";"Eleveur";"";"";""
"12/02/2026";"Matin";"12/02/2026";"Soir";"8 160070588";"";"";"O99424";"DUISIT";"BOVILIS CRYPTIUM";"Animal";"2.0 ml";"SC";"1 fois/Jour";"VACCINATION";"12/02/2026";"";"SAMUEL";"Eleveur";"";"";""
"12/02/2026";"Matin";"12/02/2026";"Soir";"8 235474442";"";"";"O99424";"DUISIT";"BOVILIS CRYPTIUM";"Animal";"2.0 ml";"SC";"1 fois/Jour";"VACCINATION";"12/02/2026";"";"SAMUEL";"Eleveur";"";"";""
"12/02/2026";"Matin";"12/02/2026";"Soir";"8 235529326";"";"";"O99424";"DUISIT";"BOVILIS CRYPTIUM";"Animal";"2.0 ml";"SC";"1 fois/Jour";"VACCINATION";"12/02/2026";"";"SAMUEL";"Eleveur";"";"";""
"12/02/2026";"Matin";"12/02/2026";"Soir";"8 235557960";"";"";"O99424";"DUISIT";"BOVILIS CRYPTIUM";"Animal";"2.0 ml";"SC";"1 fois/Jour";"VACCINATION";"12/02/2026";"";"SAMUEL";"Eleveur";"";"";""
"12/02/2026";"Matin";"12/02/2026";"Soir";"8 235444143";"";"";"O99424";"DUISIT";"BOVILIS CRYPTIUM";"Animal";"2.0 ml";"SC";"1 fois/Jour";"VACCINATION";"12/02/2026";"";"SAMUEL";"Eleveur";"";"";""
"12/02/2026";"Matin";"12/02/2026";"Soir";"8 235529327";"";"";"O99424";"DUISIT";"BOVILIS CRYPTIUM";"Animal";"2.0 ml";"SC";"1 fois/Jour";"VACCINATION";"12/02/2026";"";"SAMUEL";"Eleveur";"";"";""
"12/02/2026";"Matin";"12/02/2026";"Soir";"8 235474463";"";"";"O99424";"DUISIT";"BOVILIS CRYPTIUM";"Animal";"2.0 ml";"SC";"1 fois/Jour";"VACCINATION";"12/02/2026";"";"SAMUEL";"Eleveur";"";"";""
"12/02/2026";"Matin";"12/02/2026";"Soir";"8 160070592";"";"";"O99424";"DUISIT";"BOVILIS CRYPTIUM";"Animal";"2.0 ml";"SC";"1 fois/Jour";"VACCINATION";"12/02/2026";"";"SAMUEL";"Eleveur";"";"";""
"12/02/2026";"Matin";"12/02/2026";"Soir";"3 100317290";"";"";"O99424";"DUISIT";"BOVILIS CRYPTIUM";"Animal";"2.0 ml";"SC";"1 fois/Jour";"VACCINATION";"12/02/2026";"";"SAMUEL";"Eleveur";"";"";""
"12/02/2026";"Matin";"12/02/2026";"Soir";"8 235506362";"";"";"O99424";"DUISIT";"BOVILIS CRYPTIUM";"Animal";"2.0 ml";"SC";"1 fois/Jour";"VACCINATION";"12/02/2026";"";"SAMUEL";"Eleveur";"";"";""
"12/02/2026";"Matin";"12/02/2026";"Soir";"8 235409559";"";"";"O99424";"DUISIT";"BOVILIS CRYPTIUM";"Animal";"2.0 ml";"SC";"1 fois/Jour";"VACCINATION";"12/02/2026";"";"SAMUEL";"Eleveur";"";"";""
"12/02/2026";"Matin";"12/02/2026";"Soir";"8 235571333";"";"";"O99424";"DUISIT";"BOVILIS CRYPTIUM";"Animal";"2.0 ml";"SC";"1 fois/Jour";"VACCINATION";"12/02/2026";"";"SAMUEL";"Eleveur";"";"";""
"12/02/2026";"Matin";"12/02/2026";"Soir";"8 235529321";"";"";"O99424";"DUISIT";"BOVILIS CRYPTIUM";"Animal";"2.0 ml";"SC";"1 fois/Jour";"VACCINATION";"12/02/2026";"";"SAMUEL";"Eleveur";"";"";""
"12/02/2026";"Matin";"12/02/2026";"Soir";"8 235361003";"";"";"O99424";"DUISIT";"BOVILIS CRYPTIUM";"Animal";"2.0 ml";"SC";"1 fois/Jour";"VACCINATION";"12/02/2026";"";"SAMUEL";"Eleveur";"";"";""
"12/02/2026";"Matin";"12/02/2026";"Soir";"8 235506377";"";"";"O99424";"DUISIT";"BOVILIS CRYPTIUM";"Animal";"2.0 ml";"SC";"1 fois/Jour";"VACCINATION";"12/02/2026";"";"SAMUEL";"Eleveur";"";"";""
"12/02/2026";"Matin";"12/02/2026";"Soir";"8 235430777";"";"";"O99424";"DUISIT";"BOVILIS CRYPTIUM";"Animal";"2.0 ml";"SC";"1 fois/Jour";"VACCINATION";"12/02/2026";"";"SAMUEL";"Eleveur";"";"";""
"12/02/2026";"Matin";"12/02/2026";"Soir";"8 235444151";"";"";"O99424";"DUISIT";"BOVILIS CRYPTIUM";"Animal";"2.0 ml";"SC";"1 fois/Jour";"VACCINATION";"12/02/2026";"";"SAMUEL";"Eleveur";"";"";""
"12/02/2026";"Matin";"12/02/2026";"Soir";"8 235529318";"";"";"O99424";"DUISIT";"BOVILIS CRYPTIUM";"Animal";"2.0 ml";"SC";"1 fois/Jour";"VACCINATION";"12/02/2026";"";"SAMUEL";"Eleveur";"";"";""
"12/02/2026";"Matin";"12/02/2026";"Soir";"8 235565517";"";"";"O99424";"DUISIT";"BOVILIS CRYPTIUM";"Animal";"2.0 ml";"SC";"1 fois/Jour";"VACCINATION";"12/02/2026";"";"SAMUEL";"Eleveur";"";"";""
"12/02/2026";"Matin";"12/02/2026";"Soir";"6 505715458";"";"";"O99424";"DUISIT";"BOVILIS CRYPTIUM";"Animal";"2.0 ml";"SC";"1 fois/Jour";"VACCINATION";"12/02/2026";"";"SAMUEL";"Eleveur";"";"";""
"12/02/2026";"Matin";"12/02/2026";"Soir";"8 235436101";"";"";"O99424";"DUISIT";"BOVILIS CRYPTIUM";"Animal";"2.0 ml";"SC";"1 fois/Jour";"VACCINATION";"12/02/2026";"";"SAMUEL";"Eleveur";"";"";""
"12/02/2026";"Matin";"12/02/2026";"Soir";"8 160070568";"";"";"O99424";"DUISIT";"BOVILIS CRYPTIUM";"Animal";"2.0 ml";"SC";"1 fois/Jour";"VACCINATION";"12/02/2026";"";"SAMUEL";"Eleveur";"";"";""
"12/02/2026";"Matin";"12/02/2026";"Soir";"8 235419854";"";"";"O99424";"DUISIT";"BOVILIS CRYPTIUM";"Animal";"2.0 ml";"SC";"1 fois/Jour";"VACCINATION";"12/02/2026";"";"SAMUEL";"Eleveur";"";"";""
"12/02/2026";"Matin";"12/02/2026";"Soir";"8 235444152";"";"";"O99424";"DUISIT";"BOVILIS CRYPTIUM";"Animal";"2.0 ml";"SC";"1 fois/Jour";"VACCINATION";"12/02/2026";"";"SAMUEL";"Eleveur";"";"";""
"12/02/2026";"Matin";"12/02/2026";"Soir";"8 222010586";"";"";"O99424";"DUISIT";"BOVILIS CRYPTIUM";"Animal";"2.0 ml";"SC";"1 fois/Jour";"VACCINATION";"12/02/2026";"";"SAMUEL";"Eleveur";"";"";""
"12/02/2026";"Matin";"12/02/2026";"Soir";"6 505715441";"";"";"O99424";"DUISIT";"BOVILIS CRYPTIUM";"Animal";"2.0 ml";"SC";"1 fois/Jour";"VACCINATION";"12/02/2026";"";"SAMUEL";"Eleveur";"";"";""
"12/02/2026";"Matin";"12/02/2026";"Soir";"8 235482124";"";"";"O99424";"DUISIT";"BOVILIS CRYPTIUM";"Animal";"2.0 ml";"SC";"1 fois/Jour";"VACCINATION";"12/02/2026";"";"SAMUEL";"Eleveur";"";"";""
"12/02/2026";"Matin";"12/02/2026";"Soir";"8 160070555";"";"";"O99424";"DUISIT";"BOVILIS CRYPTIUM";"Animal";"2.0 ml";"SC";"1 fois/Jour";"VACCINATION";"12/02/2026";"";"SAMUEL";"Eleveur";"";"";""
"12/02/2026";"Matin";"12/02/2026";"Soir";"8 235430756";"";"";"O99424";"DUISIT";"BOVILIS CRYPTIUM";"Animal";"2.0 ml";"SC";"1 fois/Jour";"VACCINATION";"12/02/2026";"";"SAMUEL";"Eleveur";"";"";""
"12/02/2026";"Matin";"12/02/2026";"Soir";"8 235529328";"";"";"O99424";"DUISIT";"BOVILIS CRYPTIUM";"Animal";"2.0 ml";"SC";"1 fois/Jour";"VACCINATION";"12/02/2026";"";"SAMUEL";"Eleveur";"";"";""
"12/02/2026";"Matin";"12/02/2026";"Soir";"8 235529317";"";"";"O99424";"DUISIT";"BOVILIS CRYPTIUM";"Animal";"2.0 ml";"SC";"1 fois/Jour";"VACCINATION";"12/02/2026";"";"SAMUEL";"Eleveur";"";"";""
"12/02/2026";"Matin";"12/02/2026";"Soir";"8 235543535";"";"";"O99424";"DUISIT";"BOVILIS CRYPTIUM";"Animal";"2.0 ml";"SC";"1 fois/Jour";"VACCINATION";"12/02/2026";"";"SAMUEL";"Eleveur";"";"";""
"12/02/2026";"Matin";"12/02/2026";"Soir";"8 235529323";"";"";"O99424";"DUISIT";"BOVILIS CRYPTIUM";"Animal";"2.0 ml";"SC";"1 fois/Jour";"VACCINATION";"12/02/2026";"";"SAMUEL";"Eleveur";"";"";""
"19/02/2026";"Matin";"19/02/2026";"Soir";"82 35579859";"";"";"O99424";"";"BOVILIS CRYPTIUM";"Animal";"2.0 ml";"SC";"1 fois/Jour";"VACCINATION";"19/02/2026";"";"CÉLINE";"Eleveur";"";"";""
"19/02/2026";"Matin";"19/02/2026";"Soir";"8 223014465";"";"";"O99424";"";"BOVILIS CRYPTIUM";"Animal";"2.0 ml";"SC";"1 fois/Jour";"VACCINATION";"19/02/2026";"";"CÉLINE";"Eleveur";"";"";""
"19/02/2026";"Matin";"19/02/2026";"Soir";"8 223010095";"";"";"O99424";"";"BOVILIS CRYPTIUM";"Animal";"2.0 ml";"SC";"1 fois/Jour";"VACCINATION";"19/02/2026";"";"CÉLINE";"Eleveur";"";"";""
"19/02/2026";"Matin";"19/02/2026";"Soir";"8 235579876";"";"";"O99424";"";"BOVILIS CRYPTIUM";"Animal";"2.0 ml";"SC";"1 fois/Jour";"VACCINATION";"19/02/2026";"";"CÉLINE";"Eleveur";"";"";""
"19/02/2026";"Matin";"19/02/2026";"Soir";"8 235571370";"";"";"O99424";"";"BOVILIS CRYPTIUM";"Animal";"2.0 ml";"SC";"1 fois/Jour";"VACCINATION";"19/02/2026";"";"CÉLINE";"Eleveur";"";"";""
"19/02/2026";"Matin";"19/02/2026";"Soir";"8 223010094";"";"";"O99424";"";"BOVILIS CRYPTIUM";"Animal";"2.0 ml";"SC";"1 fois/Jour";"VACCINATION";"19/02/2026";"";"CÉLINE";"Eleveur";"";"";""
"19/02/2026";"Matin";"19/02/2026";"Soir";"8 235579855";"";"";"O99424";"";"BOVILIS CRYPTIUM";"Animal";"2.0 ml";"SC";"1 fois/Jour";"VACCINATION";"19/02/2026";"";"CÉLINE";"Eleveur";"";"";""
"19/02/2026";"Matin";"19/02/2026";"Soir";"8 223014460";"";"";"O99424";"";"BOVILIS CRYPTIUM";"Animal";"2.0 ml";"SC";"1 fois/Jour";"VACCINATION";"19/02/2026";"";"CÉLINE";"Eleveur";"";"";""
"19/02/2026";"Matin";"19/02/2026";"Soir";"8 235579865";"";"";"O99424";"";"BOVILIS CRYPTIUM";"Animal";"2.0 ml";"SC";"1 fois/Jour";"VACCINATION";"19/02/2026";"";"CÉLINE";"Eleveur";"";"";""
"19/02/2026";"Matin";"19/02/2026";"Soir";"8 235579875";"";"";"O99424";"";"BOVILIS CRYPTIUM";"Animal";"2.0 ml";"SC";"1 fois/Jour";"VACCINATION";"19/02/2026";"";"CÉLINE";"Eleveur";"";"";""
"19/02/2026";"Matin";"19/02/2026";"Soir";"8 235579879";"";"";"O99424";"";"BOVILIS CRYPTIUM";"Animal";"2.0 ml";"SC";"1 fois/Jour";"VACCINATION";"19/02/2026";"";"CÉLINE";"Eleveur";"";"";""
"19/02/2026";"Matin";"19/02/2026";"Soir";"8 235579864";"";"";"O99424";"";"BOVILIS CRYPTIUM";"Animal";"2.0 ml";"SC";"1 fois/Jour";"VACCINATION";"19/02/2026";"";"CÉLINE";"Eleveur";"";"";""
"19/02/2026";"Matin";"19/02/2026";"Soir";"FR 8235571331";"1331";"TAMARIS";"O99424";"";"BOVILIS CRYPTIUM";"Animal";"2.0 ml";"SC";"1 fois/Jour";"VACCINATION";"19/02/2026";"";"CÉLINE";"Eleveur";"";"";""
"26/02/2026";"Matin";"26/02/2026";"Soir";"82 35590993";"";"";"0278093";"CHOLET";"HEPIZOVAC - MHE";"Animal";"4.0 ml";"SC";"1 fois/Jour";";";"";"CHOLET";"Vétérinaire";"";"Soir";""
"26/02/2026";"Matin";"26/02/2026";"Soir";"8 235599213";"";"";"0278093";"CHOLET";"HEPIZOVAC - MHE";"Animal";"4.0 ml";"SC";"1 fois/Jour";";";"";"CHOLET";"Vétérinaire";"";"Soir";""
"26/02/2026";"Matin";"26/02/2026";"Soir";"8 235590994";"";"";"0278093";"CHOLET";"HEPIZOVAC - MHE";"Animal";"4.0 ml";"SC";"1 fois/Jour";";";"";"CHOLET";"Vétérinaire";"";"Soir";""
"26/02/2026";"Matin";"26/02/2026";"Soir";"8 235590987";"";"";"0278093";"CHOLET";"HEPIZOVAC - MHE";"Animal";"4.0 ml";"SC";"1 fois/Jour";";";"";"CHOLET";"Vétérinaire";"";"Soir";""
"26/02/2026";"Matin";"26/02/2026";"Soir";"8 235599214";"";"";"0278093";"CHOLET";"HEPIZOVAC - MHE";"Animal";"4.0 ml";"SC";"1 fois/Jour";";";"";"CHOLET";"Vétérinaire";"";"Soir";""
"26/02/2026";"Matin";"26/02/2026";"Soir";"8 235590999";"";"";"0278093";"CHOLET";"HEPIZOVAC - MHE";"Animal";"4.0 ml";"SC";"1 fois/Jour";";";"";"CHOLET";"Vétérinaire";"";"Soir";""
"26/02/2026";"Matin";"26/02/2026";"Soir";"8 235590992";"";"";"0278093";"CHOLET";"HEPIZOVAC - MHE";"Animal";"4.0 ml";"SC";"1 fois/Jour";";";"";"CHOLET";"Vétérinaire";"";"Soir";""
"26/02/2026";"Matin";"26/02/2026";"Soir";"8 235599225";"";"";"0278093";"CHOLET";"HEPIZOVAC - MHE";"Animal";"4.0 ml";"SC";"1 fois/Jour";";";"";"CHOLET";"Vétérinaire";"";"Soir";""
"26/02/2026";"Matin";"26/02/2026";"Soir";"8 235591002";"";"";"0278093";"CHOLET";"HEPIZOVAC - MHE";"Animal";"4.0 ml";"SC";"1 fois/Jour";";";"";"CHOLET";"Vétérinaire";"";"Soir";""
"26/02/2026";"Matin";"26/02/2026";"Soir";"8 235599218";"";"";"0278093";"CHOLET";"HEPIZOVAC - MHE";"Animal";"4.0 ml";"SC";"1 fois/Jour";";";"";"CHOLET";"Vétérinaire";"";"Soir";""
"26/02/2026";"Matin";"26/02/2026";"Soir";"8 235590991";"";"";"0278093";"CHOLET";"HEPIZOVAC - MHE";"Animal";"4.0 ml";"SC";"1 fois/Jour";";";"";"CHOLET";"Vétérinaire";"";"Soir";""
"26/02/2026";"Matin";"26/02/2026";"Soir";"8 235599212";"";"";"0278093";"CHOLET";"HEPIZOVAC - MHE";"Animal";"4.0 ml";"SC";"1 fois/Jour";";";"";"CHOLET";"Vétérinaire";"";"Soir";""
"26/02/2026";"Matin";"26/02/2026";"Soir";"8 235590996";"";"";"0278093";"CHOLET";"HEPIZOVAC - MHE";"Animal";"4.0 ml";"SC";"1 fois/Jour";";";"";"CHOLET";"Vétérinaire";"";"Soir";""
"26/02/2026";"Matin";"26/02/2026";"Soir";"8 235591001";"";"";"0278093";"CHOLET";"HEPIZOVAC - MHE";"Animal";"4.0 ml";"SC";"1 fois/Jour";";";"";"CHOLET";"Vétérinaire";"";"Soir";""
"26/02/2026";"Matin";"26/02/2026";"Soir";"8 235590995";"";"";"0278093";"CHOLET";"HEPIZOVAC - MHE";"Animal";"4.0 ml";"SC";"1 fois/Jour";";";"";"CHOLET";"Vétérinaire";"";"Soir";""
"26/02/2026";"Matin";"26/02/2026";"Soir";"8 235599222";"";"";"0278093";"CHOLET";"HEPIZOVAC - MHE";"Animal";"4.0 ml";"SC";"1 fois/Jour";";";"";"CHOLET";"Vétérinaire";"";"Soir";""
"26/02/2026";"Matin";"26/02/2026";"Soir";"8 235591000";"";"";"0278093";"CHOLET";"HEPIZOVAC - MHE";"Animal";"4.0 ml";"SC";"1 fois/Jour";";";"";"CHOLET";"Vétérinaire";"";"Soir";""
"26/02/2026";"Matin";"26/02/2026";"Soir";"8 235599220";"";"";"0278093";"CHOLET";"HEPIZOVAC - MHE";"Animal";"4.0 ml";"SC";"1 fois/Jour";";";"";"CHOLET";"Vétérinaire";"";"Soir";""
"26/02/2026";"Matin";"26/02/2026";"Soir";"8 235599216";"";"";"0278093";"CHOLET";"HEPIZOVAC - MHE";"Animal";"4.0 ml";"SC";"1 fois/Jour";";";"";"CHOLET";"Vétérinaire";"";"Soir";""
"26/02/2026";"Matin";"26/02/2026";"Soir";"8 235590997";"";"";"0278093";"CHOLET";"HEPIZOVAC - MHE";"Animal";"4.0 ml";"SC";"1 fois/Jour";";";"";"CHOLET";"Vétérinaire";"";"Soir";""
"26/02/2026";"Matin";"26/02/2026";"Soir";"8 235599215";"";"";"0278093";"CHOLET";"HEPIZOVAC - MHE";"Animal";"4.0 ml";"SC";"1 fois/Jour";";";"";"CHOLET";"Vétérinaire";"";"Soir";""
"26/02/2026";"Matin";"26/02/2026";"Soir";"8 235599217";"";"";"0278093";"CHOLET";"HEPIZOVAC - MHE";"Animal";"4.0 ml";"SC";"1 fois/Jour";";";"";"CHOLET";"Vétérinaire";"";"Soir";""
"26/02/2026";"Matin";"26/02/2026";"Soir";"8 235599219";"";"";"0278093";"CHOLET";"HEPIZOVAC - MHE";"Animal";"4.0 ml";"SC";"1 fois/Jour";";";"";"CHOLET";"Vétérinaire";"";"Soir";""
"26/02/2026";"Matin";"26/02/2026";"Soir";"8 235590998";"";"";"0278093";"CHOLET";"HEPIZOVAC - MHE";"Animal";"4.0 ml";"SC";"1 fois/Jour";";";"";"CHOLET";"Vétérinaire";"";"Soir";""
"26/02/2026";"Matin";"26/02/2026";"Soir";"8 235599221";"";"";"0278093";"CHOLET";"HEPIZOVAC - MHE";"Animal";"4.0 ml";"SC";"1 fois/Jour";";";"";"CHOLET";"Vétérinaire";"";"Soir";""
"09/03/2026";"Soir";"14/03/2026";"Matin";"FR 8235599232";"9232";"ANATOLE";"26-01-0773";"FORNILI";"TOLFINE";"100 Kg";"5 ml";"Intra musculaire";"48 fois/Jour";"GRIPPE";"09/03/2026";"";"SAMUEL";"Eleveur";"09/03";"Matin";"27/03"
"09/03/2026";"Soir";"10/03/2026";"Matin";"FR 8235599232";"9232";"ANATOLE";"26-01-0773";"FORNILI";"TENALINE L.A.";"100 Kg";"10 ml";"Intra musculaire";"1 fois/Jour";"GRIPPE";"09/03/2026";"";"SAMUEL";"Eleveur";"17/03";"Matin";"01/04"
"09/03/2026";"Soir";"10/03/2026";"Matin";"FR 8235599232";"9232";"ANATOLE";"";"";"BUTOX 7.5% POUR ON";"Animal";"10 ml";"Application Externe";"1 fois/Jour";"PARASITISME";"09/03/2026";"";"SAMUEL";"Eleveur";"09/03";"Matin";"29/03"
"09/03/2026";"Soir";"10/03/2026";"Matin";"82 35599246";"";"";"26-03-0155";"FORNILI";"NASIM";"Animal";"2 ml";"Intra musculaire";"1 fois/Jour";"VACCINATION";"10/03/2026";"";"CÉLINE";"Eleveur";"09/03";"Matin";"09/03"
"09/03/2026";"Soir";"10/03/2026";"Matin";"8 235599252";"";"";"26-03-0155";"FORNILI";"NASIM";"Animal";"2 ml";"Intra musculaire";"1 fois/Jour";"VACCINATION";"10/03/2026";"";"CÉLINE";"Eleveur";"09/03";"Matin";"09/03"
"09/03/2026";"Soir";"10/03/2026";"Matin";"8 235599244";"";"";"26-03-0155";"FORNILI";"NASIM";"Animal";"2 ml";"Intra musculaire";"1 fois/Jour";"VACCINATION";"10/03/2026";"";"CÉLINE";"Eleveur";"09/03";"Matin";"09/03"
"09/03/2026";"Soir";"10/03/2026";"Matin";"8 235599243";"";"";"26-03-0155";"FORNILI";"NASIM";"Animal";"2 ml";"Intra musculaire";"1 fois/Jour";"VACCINATION";"10/03/2026";"";"CÉLINE";"Eleveur";"09/03";"Matin";"09/03"
"09/03/2026";"Soir";"10/03/2026";"Matin";"8 235599254";"";"";"26-03-0155";"FORNILI";"NASIM";"Animal";"2 ml";"Intra musculaire";"1 fois/Jour";"VACCINATION";"10/03/2026";"";"CÉLINE";"Eleveur";"09/03";"Matin";"09/03"
"09/03/2026";"Soir";"10/03/2026";"Matin";"8 235607485";"";"";"26-03-0155";"FORNILI";"NASIM";"Animal";"2 ml";"Intra musculaire";"1 fois/Jour";"VACCINATION";"10/03/2026";"";"CÉLINE";"Eleveur";"09/03";"Matin";"09/03"
"09/03/2026";"Soir";"10/03/2026";"Matin";"8 235599242";"";"";"26-03-0155";"FORNILI";"NASIM";"Animal";"2 ml";"Intra musculaire";"1 fois/Jour";"VACCINATION";"10/03/2026";"";"CÉLINE";"Eleveur";"09/03";"Matin";"09/03"
"09/03/2026";"Soir";"10/03/2026";"Matin";"8 235599240";"";"";"26-03-0155";"FORNILI";"NASIM";"Animal";"2 ml";"Intra musculaire";"1 fois/Jour";"VACCINATION";"10/03/2026";"";"CÉLINE";"Eleveur";"09/03";"Matin";"09/03"
"09/03/2026";"Soir";"10/03/2026";"Matin";"8 235599248";"";"";"26-03-0155";"FORNILI";"NASIM";"Animal";"2 ml";"Intra musculaire";"1 fois/Jour";"VACCINATION";"10/03/2026";"";"CÉLINE";"Eleveur";"09/03";"Matin";"09/03"
"09/03/2026";"Soir";"10/03/2026";"Matin";"8 235599241";"";"";"26-03-0155";"FORNILI";"NASIM";"Animal";"2 ml";"Intra musculaire";"1 fois/Jour";"VACCINATION";"10/03/2026";"";"CÉLINE";"Eleveur";"09/03";"Matin";"09/03"
"09/03/2026";"Soir";"10/03/2026";"Matin";"8 235599249";"";"";"26-03-0155";"FORNILI";"NASIM";"Animal";"2 ml";"Intra musculaire";"1 fois/Jour";"VACCINATION";"10/03/2026";"";"CÉLINE";"Eleveur";"09/03";"Matin";"09/03"
"09/03/2026";"Soir";"10/03/2026";"Matin";"8 235607484";"";"";"26-03-0155";"FORNILI";"NASIM";"Animal";"2 ml";"Intra musculaire";"1 fois/Jour";"VACCINATION";"10/03/2026";"";"CÉLINE";"Eleveur";"09/03";"Matin";"09/03"
"09/03/2026";"Soir";"10/03/2026";"Matin";"8 235599247";"";"";"26-03-0155";"FORNILI";"NASIM";"Animal";"2 ml";"Intra musculaire";"1 fois/Jour";"VACCINATION";"10/03/2026";"";"CÉLINE";"Eleveur";"09/03";"Matin";"09/03"
"09/03/2026";"Soir";"10/03/2026";"Matin";"8 235599251";"";"";"26-03-0155";"FORNILI";"NASIM";"Animal";"2 ml";"Intra musculaire";"1 fois/Jour";"VACCINATION";"10/03/2026";"";"CÉLINE";"Eleveur";"09/03";"Matin";"09/03"
"09/03/2026";"Soir";"10/03/2026";"Matin";"8 235599253";"";"";"26-03-0155";"FORNILI";"NASIM";"Animal";"2 ml";"Intra musculaire";"1 fois/Jour";"VACCINATION";"10/03/2026";"";"CÉLINE";"Eleveur";"09/03";"Matin";"09/03"
"09/03/2026";"Soir";"10/03/2026";"Matin";"82 35599258";"";"";"26-02-0565";"CRASSUS";"BUTOX 7.5% POUR ON";"Animal";"10 ml";"Application Externe";"1 fois/Jour";"PARASITISME";"10/03/2026";"";"SAMUEL";"Eleveur";"09/03";"Matin";"29/03"
"09/03/2026";"Soir";"10/03/2026";"Matin";"8 235599256";"";"";"26-02-0565";"CRASSUS";"BUTOX 7.5% POUR ON";"Animal";"10 ml";"Application Externe";"1 fois/Jour";"PARASITISME";"10/03/2026";"";"SAMUEL";"Eleveur";"09/03";"Matin";"29/03"
"09/03/2026";"Soir";"10/03/2026";"Matin";"8 235599248";"";"";"26-02-0565";"CRASSUS";"BUTOX 7.5% POUR ON";"Animal";"10 ml";"Application Externe";"1 fois/Jour";"PARASITISME";"10/03/2026";"";"SAMUEL";"Eleveur";"09/03";"Matin";"29/03"
"09/03/2026";"Soir";"10/03/2026";"Matin";"8 235599260";"";"";"26-02-0565";"CRASSUS";"BUTOX 7.5% POUR ON";"Animal";"10 ml";"Application Externe";"1 fois/Jour";"PARASITISME";"10/03/2026";"";"SAMUEL";"Eleveur";"09/03";"Matin";"29/03"
"09/03/2026";"Soir";"10/03/2026";"Matin";"8 235607505";"";"";"26-02-0565";"CRASSUS";"BUTOX 7.5% POUR ON";"Animal";"10 ml";"Application Externe";"1 fois/Jour";"PARASITISME";"10/03/2026";"";"SAMUEL";"Eleveur";"09/03";"Matin";"29/03"
"09/03/2026";"Soir";"10/03/2026";"Matin";"8 235599252";"";"";"26-02-0565";"CRASSUS";"BUTOX 7.5% POUR ON";"Animal";"10 ml";"Application Externe";"1 fois/Jour";"PARASITISME";"10/03/2026";"";"SAMUEL";"Eleveur";"09/03";"Matin";"29/03"
"09/03/2026";"Soir";"10/03/2026";"Matin";"8 235599249";"";"";"26-02-0565";"CRASSUS";"BUTOX 7.5% POUR ON";"Animal";"10 ml";"Application Externe";"1 fois/Jour";"PARASITISME";"10/03/2026";"";"SAMUEL";"Eleveur";"09/03";"Matin";"29/03"
"09/03/2026";"Soir";"10/03/2026";"Matin";"8 235599255";"";"";"26-02-0565";"CRASSUS";"BUTOX 7.5% POUR ON";"Animal";"10 ml";"Application Externe";"1 fois/Jour";"PARASITISME";"10/03/2026";"";"SAMUEL";"Eleveur";"09/03";"Matin";"29/03"
"09/03/2026";"Soir";"10/03/2026";"Matin";"8 235599246";"";"";"26-02-0565";"CRASSUS";"BUTOX 7.5% POUR ON";"Animal";"10 ml";"Application Externe";"1 fois/Jour";"PARASITISME";"10/03/2026";"";"SAMUEL";"Eleveur";"09/03";"Matin";"29/03"
"09/03/2026";"Soir";"10/03/2026";"Matin";"8 235599259";"";"";"26-02-0565";"CRASSUS";"BUTOX 7.5% POUR ON";"Animal";"10 ml";"Application Externe";"1 fois/Jour";"PARASITISME";"10/03/2026";"";"SAMUEL";"Eleveur";"09/03";"Matin";"29/03"
"09/03/2026";"Soir";"10/03/2026";"Matin";"8 235599261";"";"";"26-02-0565";"CRASSUS";"BUTOX 7.5% POUR ON";"Animal";"10 ml";"Application Externe";"1 fois/Jour";"PARASITISME";"10/03/2026";"";"SAMUEL";"Eleveur";"09/03";"Matin";"29/03"
"09/03/2026";"Soir";"10/03/2026";"Matin";"8 235599247";"";"";"26-02-0565";"CRASSUS";"BUTOX 7.5% POUR ON";"Animal";"10 ml";"Application Externe";"1 fois/Jour";"PARASITISME";"10/03/2026";"";"SAMUEL";"Eleveur";"09/03";"Matin";"29/03"
"12/03/2026";"Matin";"12/03/2026";"Soir";"31 00317284";"";"";"O99133";"DEFRANCE";"BOVILIS CRYPTIUM";"Animal";"2.0 ml";"SC";"1 fois/Jour";";";"";"SAMUEL";"Eleveur";"";"Soir";""
"12/03/2026";"Matin";"12/03/2026";"Soir";"8 235444152";"";"";"O99133";"DEFRANCE";"BOVILIS CRYPTIUM";"Animal";"2.0 ml";"SC";"1 fois/Jour";";";"";"SAMUEL";"Eleveur";"";"Soir";""
"12/03/2026";"Matin";"12/03/2026";"Soir";"3 100327482";"";"";"O99133";"DEFRANCE";"BOVILIS CRYPTIUM";"Animal";"2.0 ml";"SC";"1 fois/Jour";";";"";"SAMUEL";"Eleveur";"";"Soir";""
"12/03/2026";"Matin";"12/03/2026";"Soir";"8 222010586";"";"";"O99133";"DEFRANCE";"BOVILIS CRYPTIUM";"Animal";"2.0 ml";"SC";"1 fois/Jour";";";"";"SAMUEL";"Eleveur";"";"Soir";""
"12/03/2026";"Matin";"12/03/2026";"Soir";"8 235430777";"";"";"O99133";"DEFRANCE";"BOVILIS CRYPTIUM";"Animal";"2.0 ml";"SC";"1 fois/Jour";";";"";"SAMUEL";"Eleveur";"";"Soir";""
"12/03/2026";"Matin";"12/03/2026";"Soir";"8 235482124";"";"";"O99133";"DEFRANCE";"BOVILIS CRYPTIUM";"Animal";"2.0 ml";"SC";"1 fois/Jour";";";"";"SAMUEL";"Eleveur";"";"Soir";""
"12/03/2026";"Matin";"12/03/2026";"Soir";"6 505715441";"";"";"O99133";"DEFRANCE";"BOVILIS CRYPTIUM";"Animal";"2.0 ml";"SC";"1 fois/Jour";";";"";"SAMUEL";"Eleveur";"";"Soir";""
"12/03/2026";"Matin";"12/03/2026";"Soir";"8 235436101";"";"";"O99133";"DEFRANCE";"BOVILIS CRYPTIUM";"Animal";"2.0 ml";"SC";"1 fois/Jour";";";"";"SAMUEL";"Eleveur";"";"Soir";""
"12/03/2026";"Matin";"12/03/2026";"Soir";"8 235444151";"";"";"O99133";"DEFRANCE";"BOVILIS CRYPTIUM";"Animal";"2.0 ml";"SC";"1 fois/Jour";";";"";"SAMUEL";"Eleveur";"";"Soir";""
"12/03/2026";"Matin";"12/03/2026";"Soir";"8 235506377";"";"";"O99133";"DEFRANCE";"BOVILIS CRYPTIUM";"Animal";"2.0 ml";"SC";"1 fois/Jour";";";"";"SAMUEL";"Eleveur";"";"Soir";""
"12/03/2026";"Matin";"12/03/2026";"Soir";"3 100317290";"";"";"O99133";"DEFRANCE";"BOVILIS CRYPTIUM";"Animal";"2.0 ml";"SC";"1 fois/Jour";";";"";"SAMUEL";"Eleveur";"";"Soir";""
"12/03/2026";"Matin";"12/03/2026";"Soir";"8 235529327";"";"";"O99133";"DEFRANCE";"BOVILIS CRYPTIUM";"Animal";"2.0 ml";"SC";"1 fois/Jour";";";"";"SAMUEL";"Eleveur";"";"Soir";""
"12/03/2026";"Matin";"12/03/2026";"Soir";"8 235419854";"";"";"O99133";"DEFRANCE";"BOVILIS CRYPTIUM";"Animal";"2.0 ml";"SC";"1 fois/Jour";";";"";"SAMUEL";"Eleveur";"";"Soir";""
"12/03/2026";"Matin";"12/03/2026";"Soir";"8 235474463";"";"";"O99133";"DEFRANCE";"BOVILIS CRYPTIUM";"Animal";"2.0 ml";"SC";"1 fois/Jour";";";"";"SAMUEL";"Eleveur";"";"Soir";""
"12/03/2026";"Matin";"12/03/2026";"Soir";"3 210932659";"";"";"O99133";"DEFRANCE";"BOVILIS CRYPTIUM";"Animal";"2.0 ml";"SC";"1 fois/Jour";";";"";"SAMUEL";"Eleveur";"";"Soir";""
"12/03/2026";"Matin";"12/03/2026";"Soir";"8 235543535";"";"";"O99133";"DEFRANCE";"BOVILIS CRYPTIUM";"Animal";"2.0 ml";"SC";"1 fois/Jour";";";"";"SAMUEL";"Eleveur";"";"Soir";""
"12/03/2026";"Matin";"12/03/2026";"Soir";"8 235565517";"";"";"O99133";"DEFRANCE";"BOVILIS CRYPTIUM";"Animal";"2.0 ml";"SC";"1 fois/Jour";";";"";"SAMUEL";"Eleveur";"";"Soir";""
"12/03/2026";"Matin";"12/03/2026";"Soir";"8 235430756";"";"";"O99133";"DEFRANCE";"BOVILIS CRYPTIUM";"Animal";"2.0 ml";"SC";"1 fois/Jour";";";"";"SAMUEL";"Eleveur";"";"Soir";""
"12/03/2026";"Matin";"12/03/2026";"Soir";"6 505715458";"";"";"O99133";"DEFRANCE";"BOVILIS CRYPTIUM";"Animal";"2.0 ml";"SC";"1 fois/Jour";";";"";"SAMUEL";"Eleveur";"";"Soir";""
"12/03/2026";"Matin";"12/03/2026";"Soir";"8 235529323";"";"";"O99133";"DEFRANCE";"BOVILIS CRYPTIUM";"Animal";"2.0 ml";"SC";"1 fois/Jour";";";"";"SAMUEL";"Eleveur";"";"Soir";""
"12/03/2026";"Matin";"12/03/2026";"Soir";"8 235543540";"";"";"O99133";"DEFRANCE";"BOVILIS CRYPTIUM";"Animal";"2.0 ml";"SC";"1 fois/Jour";";";"";"SAMUEL";"Eleveur";"";"Soir";""
"12/03/2026";"Matin";"12/03/2026";"Soir";"8 235529321";"";"";"O99133";"DEFRANCE";"BOVILIS CRYPTIUM";"Animal";"2.0 ml";"SC";"1 fois/Jour";";";"";"SAMUEL";"Eleveur";"";"Soir";""
"12/03/2026";"Matin";"12/03/2026";"Soir";"8 235557960";"";"";"O99133";"DEFRANCE";"BOVILIS CRYPTIUM";"Animal";"2.0 ml";"SC";"1 fois/Jour";";";"";"SAMUEL";"Eleveur";"";"Soir";""
"12/03/2026";"Matin";"12/03/2026";"Soir";"8 235474442";"";"";"O99133";"DEFRANCE";"BOVILIS CRYPTIUM";"Animal";"2.0 ml";"SC";"1 fois/Jour";";";"";"SAMUEL";"Eleveur";"";"Soir";""
"12/03/2026";"Matin";"12/03/2026";"Soir";"8 235529317";"";"";"O99133";"DEFRANCE";"BOVILIS CRYPTIUM";"Animal";"2.0 ml";"SC";"1 fois/Jour";";";"";"SAMUEL";"Eleveur";"";"Soir";""
"12/03/2026";"Matin";"12/03/2026";"Soir";"8 235529326";"";"";"O99133";"DEFRANCE";"BOVILIS CRYPTIUM";"Animal";"2.0 ml";"SC";"1 fois/Jour";";";"";"SAMUEL";"Eleveur";"";"Soir";""
"12/03/2026";"Matin";"12/03/2026";"Soir";"8 235515718";"";"";"O99133";"DEFRANCE";"BOVILIS CRYPTIUM";"Animal";"2.0 ml";"SC";"1 fois/Jour";";";"";"SAMUEL";"Eleveur";"";"Soir";""
"12/03/2026";"Matin";"12/03/2026";"Soir";"8 235493890";"";"";"O99133";"DEFRANCE";"BOVILIS CRYPTIUM";"Animal";"2.0 ml";"SC";"1 fois/Jour";";";"";"SAMUEL";"Eleveur";"";"Soir";""
"12/03/2026";"Matin";"12/03/2026";"Soir";"8 235444148";"";"";"O99133";"DEFRANCE";"BOVILIS CRYPTIUM";"Animal";"2.0 ml";"SC";"1 fois/Jour";";";"";"SAMUEL";"Eleveur";"";"Soir";""
"12/03/2026";"Matin";"12/03/2026";"Soir";"8 235444143";"";"";"O99133";"DEFRANCE";"BOVILIS CRYPTIUM";"Animal";"2.0 ml";"SC";"1 fois/Jour";";";"";"SAMUEL";"Eleveur";"";"Soir";""
"12/03/2026";"Matin";"12/03/2026";"Soir";"8 235571357";"";"";"O99133";"DEFRANCE";"BOVILIS CRYPTIUM";"Animal";"2.0 ml";"SC";"1 fois/Jour";";";"";"SAMUEL";"Eleveur";"";"Soir";""
"12/03/2026";"Matin";"12/03/2026";"Soir";"8 235529328";"";"";"O99133";"DEFRANCE";"BOVILIS CRYPTIUM";"Animal";"2.0 ml";"SC";"1 fois/Jour";";";"";"SAMUEL";"Eleveur";"";"Soir";""
"12/03/2026";"Matin";"12/03/2026";"Soir";"8 235554286";"";"";"O99133";"DEFRANCE";"BOVILIS CRYPTIUM";"Animal";"2.0 ml";"SC";"1 fois/Jour";";";"";"SAMUEL";"Eleveur";"";"Soir";""
"12/03/2026";"Matin";"12/03/2026";"Soir";"8 235506362";"";"";"O99133";"DEFRANCE";"BOVILIS CRYPTIUM";"Animal";"2.0 ml";"SC";"1 fois/Jour";";";"";"SAMUEL";"Eleveur";"";"Soir";""
"12/03/2026";"Matin";"12/03/2026";"Soir";"8 160070588";"";"";"O99133";"DEFRANCE";"BOVILIS CRYPTIUM";"Animal";"2.0 ml";"SC";"1 fois/Jour";";";"";"SAMUEL";"Eleveur";"";"Soir";""
"12/03/2026";"Matin";"12/03/2026";"Soir";"8 160070555";"";"";"O99133";"DEFRANCE";"BOVILIS CRYPTIUM";"Animal";"2.0 ml";"SC";"1 fois/Jour";";";"";"SAMUEL";"Eleveur";"";"Soir";""
"12/03/2026";"Matin";"12/03/2026";"Soir";"8 235571333";"";"";"O99133";"DEFRANCE";"BOVILIS CRYPTIUM";"Animal";"2.0 ml";"SC";"1 fois/Jour";";";"";"SAMUEL";"Eleveur";"";"Soir";""
"12/03/2026";"Matin";"12/03/2026";"Soir";"8 235409559";"";"";"O99133";"DEFRANCE";"BOVILIS CRYPTIUM";"Animal";"2.0 ml";"SC";"1 fois/Jour";";";"";"SAMUEL";"Eleveur";"";"Soir";""
"12/03/2026";"Matin";"12/03/2026";"Soir";"8 235529318";"";"";"O99133";"DEFRANCE";"BOVILIS CRYPTIUM";"Animal";"2.0 ml";"SC";"1 fois/Jour";";";"";"SAMUEL";"Eleveur";"";"Soir";""
"12/03/2026";"Matin";"12/03/2026";"Soir";"8 235557959";"";"";"O99133";"DEFRANCE";"BOVILIS CRYPTIUM";"Animal";"2.0 ml";"SC";"1 fois/Jour";";";"";"SAMUEL";"Eleveur";"";"Soir";""
"12/03/2026";"Matin";"12/03/2026";"Soir";"6 505715421";"";"";"O99133";"DEFRANCE";"BOVILIS CRYPTIUM";"Animal";"2.0 ml";"SC";"1 fois/Jour";";";"";"SAMUEL";"Eleveur";"";"Soir";""
"19/03/2026";"Matin";"19/03/2026";"Soir";"82 35579864";"";"";"O99133";"DEFRANCE";"BOVILIS CRYPTIUM";"Animal";"2.0 ml";"SC";"1 fois/Jour";";";"";"SAMUEL";"Eleveur";"";"Soir";""
"19/03/2026";"Matin";"19/03/2026";"Soir";"8 235579855";"";"";"O99133";"DEFRANCE";"BOVILIS CRYPTIUM";"Animal";"2.0 ml";"SC";"1 fois/Jour";";";"";"SAMUEL";"Eleveur";"";"Soir";""
"19/03/2026";"Matin";"19/03/2026";"Soir";"8 235579859";"";"";"O99133";"DEFRANCE";"BOVILIS CRYPTIUM";"Animal";"2.0 ml";"SC";"1 fois/Jour";";";"";"SAMUEL";"Eleveur";"";"Soir";""
"19/03/2026";"Matin";"19/03/2026";"Soir";"8 223010095";"";"";"O99133";"DEFRANCE";"BOVILIS CRYPTIUM";"Animal";"2.0 ml";"SC";"1 fois/Jour";";";"";"SAMUEL";"Eleveur";"";"Soir";""
"19/03/2026";"Matin";"19/03/2026";"Soir";"8 235571370";"";"";"O99133";"DEFRANCE";"BOVILIS CRYPTIUM";"Animal";"2.0 ml";"SC";"1 fois/Jour";";";"";"SAMUEL";"Eleveur";"";"Soir";""
"19/03/2026";"Matin";"19/03/2026";"Soir";"8 235579875";"";"";"O99133";"DEFRANCE";"BOVILIS CRYPTIUM";"Animal";"2.0 ml";"SC";"1 fois/Jour";";";"";"SAMUEL";"Eleveur";"";"Soir";""
"19/03/2026";"Matin";"19/03/2026";"Soir";"8 223014465";"";"";"O99133";"DEFRANCE";"BOVILIS CRYPTIUM";"Animal";"2.0 ml";"SC";"1 fois/Jour";";";"";"SAMUEL";"Eleveur";"";"Soir";""
"19/03/2026";"Matin";"19/03/2026";"Soir";"8 235579874";"";"";"O99133";"DEFRANCE";"BOVILIS CRYPTIUM";"Animal";"2.0 ml";"SC";"1 fois/Jour";";";"";"SAMUEL";"Eleveur";"";"Soir";""
"19/03/2026";"Matin";"19/03/2026";"Soir";"8 223010094";"";"";"O99133";"DEFRANCE";"BOVILIS CRYPTIUM";"Animal";"2.0 ml";"SC";"1 fois/Jour";";";"";"SAMUEL";"Eleveur";"";"Soir";""
"19/03/2026";"Matin";"19/03/2026";"Soir";"8 223014460";"";"";"O99133";"DEFRANCE";"BOVILIS CRYPTIUM";"Animal";"2.0 ml";"SC";"1 fois/Jour";";";"";"SAMUEL";"Eleveur";"";"Soir";""
"19/03/2026";"Matin";"19/03/2026";"Soir";"8 235579876";"";"";"O99133";"DEFRANCE";"BOVILIS CRYPTIUM";"Animal";"2.0 ml";"SC";"1 fois/Jour";";";"";"SAMUEL";"Eleveur";"";"Soir";""
"19/03/2026";"Matin";"19/03/2026";"Soir";"8 235579865";"";"";"O99133";"DEFRANCE";"BOVILIS CRYPTIUM";"Animal";"2.0 ml";"SC";"1 fois/Jour";";";"";"SAMUEL";"Eleveur";"";"Soir";""
"19/03/2026";"Matin";"19/03/2026";"Soir";"82 35607487";"";"";"0278023";"POURCEL";"NASALGEN";"Animal";"2.0 ml";"Nasal";"1 fois/Jour";"VACCINATION";"19/03/2026";"";"CÉLINE";"Eleveur";"";"";""
"19/03/2026";"Matin";"19/03/2026";"Soir";"8 235599238";"";"";"0278023";"POURCEL";"NASALGEN";"Animal";"2.0 ml";"Nasal";"1 fois/Jour";"VACCINATION";"19/03/2026";"";"CÉLINE";"Eleveur";"";"";""
"19/03/2026";"Matin";"19/03/2026";"Soir";"8 235599234";"";"";"0278023";"POURCEL";"NASALGEN";"Animal";"2.0 ml";"Nasal";"1 fois/Jour";"VACCINATION";"19/03/2026";"";"CÉLINE";"Eleveur";"";"";""
"22/03/2026";"Soir";"23/03/2026";"Matin";"FR 8223014465";"4465";"ULINE";"26-02-0565";"CRASSUS";"TENALINE L.A.";"100 Kg";"10 ml";"Intra musculaire";"1 fois/Jour";";";"";"SAMUEL";"Eleveur";"30/03";"Matin";"14/04"
"22/03/2026";"Soir";"27/03/2026";"Matin";"FR 8223014465";"4465";"ULINE";"26-01-0773";"FORNILI";"TOLFINE";"100 Kg";"5 ml";"Intra musculaire";"48 fois/Jour";";";"";"SAMUEL";"Eleveur";"22/03";"Matin";"09/04"
"26/03/2026";"Soir";"27/03/2026";"Matin";"12 20153281";"";"";"26-03-0155";"FORNILI";"ROTAVEC CORONA";"Animal";"2 ml";"Intra musculaire";"1 fois/Jour";"VACCINATION";"26/03/2026";"";"SAMUEL";"Eleveur";"26/03";"Matin";"26/03"
"26/03/2026";"Soir";"27/03/2026";"Matin";"1 220153235";"";"";"26-03-0155";"FORNILI";"ROTAVEC CORONA";"Animal";"2 ml";"Intra musculaire";"1 fois/Jour";"VACCINATION";"26/03/2026";"";"SAMUEL";"Eleveur";"26/03";"Matin";"26/03"
"26/03/2026";"Soir";"27/03/2026";"Matin";"8 235430756";"";"";"26-03-0155";"FORNILI";"ROTAVEC CORONA";"Animal";"2 ml";"Intra musculaire";"1 fois/Jour";"VACCINATION";"26/03/2026";"";"SAMUEL";"Eleveur";"26/03";"Matin";"26/03"
"26/03/2026";"Soir";"27/03/2026";"Matin";"8 160070592";"";"";"26-03-0155";"FORNILI";"ROTAVEC CORONA";"Animal";"2 ml";"Intra musculaire";"1 fois/Jour";"VACCINATION";"26/03/2026";"";"SAMUEL";"Eleveur";"26/03";"Matin";"26/03"
"27/04/2026";"Matin";"27/04/2026";"Soir";"82 35474463";"";"";"26-02-0565";"CRASSUS";"BULTAVO 3 (FCO3)";"Animal";"1.0 ml";"SC";"1 fois/Jour";"VACCINATION";"27/04/2026";"";"SAMUEL";"Eleveur";"";"";""
"27/04/2026";"Matin";"27/04/2026";"Soir";"8 235590993";"";"";"26-02-0565";"CRASSUS";"BULTAVO 3 (FCO3)";"Animal";"1.0 ml";"SC";"1 fois/Jour";"VACCINATION";"27/04/2026";"";"SAMUEL";"Eleveur";"";"";""
"27/04/2026";"Matin";"27/04/2026";"Soir";"8 235571333";"";"";"26-02-0565";"CRASSUS";"BULTAVO 3 (FCO3)";"Animal";"1.0 ml";"SC";"1 fois/Jour";"VACCINATION";"27/04/2026";"";"SAMUEL";"Eleveur";"";"";""
"27/04/2026";"Matin";"27/04/2026";"Soir";"8 235571357";"";"";"26-02-0565";"CRASSUS";"BULTAVO 3 (FCO3)";"Animal";"1.0 ml";"SC";"1 fois/Jour";"VACCINATION";"27/04/2026";"";"SAMUEL";"Eleveur";"";"";""
"27/04/2026";"Matin";"27/04/2026";"Soir";"8 235529327";"";"";"26-02-0565";"CRASSUS";"BULTAVO 3 (FCO3)";"Animal";"1.0 ml";"SC";"1 fois/Jour";"VACCINATION";"27/04/2026";"";"SAMUEL";"Eleveur";"";"";""
"27/04/2026";"Matin";"27/04/2026";"Soir";"8 235430756";"";"";"26-02-0565";"CRASSUS";"BULTAVO 3 (FCO3)";"Animal";"1.0 ml";"SC";"1 fois/Jour";"VACCINATION";"27/04/2026";"";"SAMUEL";"Eleveur";"";"";""
"27/04/2026";"Matin";"27/04/2026";"Soir";"8 235579859";"";"";"26-02-0565";"CRASSUS";"BULTAVO 3 (FCO3)";"Animal";"1.0 ml";"SC";"1 fois/Jour";"VACCINATION";"27/04/2026";"";"SAMUEL";"Eleveur";"";"";""
"27/04/2026";"Matin";"27/04/2026";"Soir";"8 235579855";"";"";"26-02-0565";"CRASSUS";"BULTAVO 3 (FCO3)";"Animal";"1.0 ml";"SC";"1 fois/Jour";"VACCINATION";"27/04/2026";"";"SAMUEL";"Eleveur";"";"";""
"27/04/2026";"Matin";"27/04/2026";"Soir";"8 235409559";"";"";"26-02-0565";"CRASSUS";"BULTAVO 3 (FCO3)";"Animal";"1.0 ml";"SC";"1 fois/Jour";"VACCINATION";"27/04/2026";"";"SAMUEL";"Eleveur";"";"";""
"27/04/2026";"Matin";"27/04/2026";"Soir";"8 235394791";"";"";"26-02-0565";"CRASSUS";"BULTAVO 3 (FCO3)";"Animal";"1.0 ml";"SC";"1 fois/Jour";"VACCINATION";"27/04/2026";"";"SAMUEL";"Eleveur";"";"";""
"27/04/2026";"Matin";"27/04/2026";"Soir";"8 222010655";"";"";"26-02-0565";"CRASSUS";"BULTAVO 3 (FCO3)";"Animal";"1.0 ml";"SC";"1 fois/Jour";"VACCINATION";"27/04/2026";"";"SAMUEL";"Eleveur";"";"";""
"27/04/2026";"Matin";"27/04/2026";"Soir";"4 635275801";"";"";"26-02-0565";"CRASSUS";"BULTAVO 3 (FCO3)";"Animal";"1.0 ml";"SC";"1 fois/Jour";"VACCINATION";"27/04/2026";"";"SAMUEL";"Eleveur";"";"";""
"27/04/2026";"Matin";"27/04/2026";"Soir";"3 100327482";"";"";"26-02-0565";"CRASSUS";"BULTAVO 3 (FCO3)";"Animal";"1.0 ml";"SC";"1 fois/Jour";"VACCINATION";"27/04/2026";"";"SAMUEL";"Eleveur";"";"";""
"27/04/2026";"Matin";"27/04/2026";"Soir";"8 235419854";"";"";"26-02-0565";"CRASSUS";"BULTAVO 3 (FCO3)";"Animal";"1.0 ml";"SC";"1 fois/Jour";"VACCINATION";"27/04/2026";"";"SAMUEL";"Eleveur";"";"";""
"27/04/2026";"Matin";"27/04/2026";"Soir";"8 222010659";"";"";"26-02-0565";"CRASSUS";"BULTAVO 3 (FCO3)";"Animal";"1.0 ml";"SC";"1 fois/Jour";"VACCINATION";"27/04/2026";"";"SAMUEL";"Eleveur";"";"";""
"27/04/2026";"Matin";"27/04/2026";"Soir";"8 160070555";"";"";"26-02-0565";"CRASSUS";"BULTAVO 3 (FCO3)";"Animal";"1.0 ml";"SC";"1 fois/Jour";"VACCINATION";"27/04/2026";"";"SAMUEL";"Eleveur";"";"";""
"27/04/2026";"Matin";"27/04/2026";"Soir";"3 210932659";"";"";"26-02-0565";"CRASSUS";"BULTAVO 3 (FCO3)";"Animal";"1.0 ml";"SC";"1 fois/Jour";"VACCINATION";"27/04/2026";"";"SAMUEL";"Eleveur";"";"";""
"27/04/2026";"Matin";"27/04/2026";"Soir";"8 235515716";"";"";"26-02-0565";"CRASSUS";"BULTAVO 3 (FCO3)";"Animal";"1.0 ml";"SC";"1 fois/Jour";"VACCINATION";"27/04/2026";"";"SAMUEL";"Eleveur";"";"";""
"27/04/2026";"Matin";"27/04/2026";"Soir";"8 235590957";"";"";"26-02-0565";"CRASSUS";"BULTAVO 3 (FCO3)";"Animal";"1.0 ml";"SC";"1 fois/Jour";"VACCINATION";"27/04/2026";"";"SAMUEL";"Eleveur";"";"";""
"27/04/2026";"Matin";"27/04/2026";"Soir";"8 223014460";"";"";"26-02-0565";"CRASSUS";"BULTAVO 3 (FCO3)";"Animal";"1.0 ml";"SC";"1 fois/Jour";"VACCINATION";"27/04/2026";"";"SAMUEL";"Eleveur";"";"";""
"27/04/2026";"Matin";"27/04/2026";"Soir";"8 235590962";"";"";"26-02-0565";"CRASSUS";"BULTAVO 3 (FCO3)";"Animal";"1.0 ml";"SC";"1 fois/Jour";"VACCINATION";"27/04/2026";"";"SAMUEL";"Eleveur";"";"";""
"27/04/2026";"Matin";"27/04/2026";"Soir";"8 235543533";"";"";"26-02-0565";"CRASSUS";"BULTAVO 3 (FCO3)";"Animal";"1.0 ml";"SC";"1 fois/Jour";"VACCINATION";"27/04/2026";"";"SAMUEL";"Eleveur";"";"";""
"27/04/2026";"Matin";"27/04/2026";"Soir";"8 235515717";"";"";"26-02-0565";"CRASSUS";"BULTAVO 3 (FCO3)";"Animal";"1.0 ml";"SC";"1 fois/Jour";"VACCINATION";"27/04/2026";"";"SAMUEL";"Eleveur";"";"";""
"27/04/2026";"Matin";"27/04/2026";"Soir";"8 235444148";"";"";"26-02-0565";"CRASSUS";"BULTAVO 3 (FCO3)";"Animal";"1.0 ml";"SC";"1 fois/Jour";"VACCINATION";"27/04/2026";"";"SAMUEL";"Eleveur";"";"";""
"27/04/2026";"Matin";"27/04/2026";"Soir";"8 235590984";"";"";"26-02-0565";"CRASSUS";"BULTAVO 3 (FCO3)";"Animal";"1.0 ml";"SC";"1 fois/Jour";"VACCINATION";"27/04/2026";"";"SAMUEL";"Eleveur";"";"";""
"27/04/2026";"Matin";"27/04/2026";"Soir";"8 235430777";"";"";"26-02-0565";"CRASSUS";"BULTAVO 3 (FCO3)";"Animal";"1.0 ml";"SC";"1 fois/Jour";"VACCINATION";"27/04/2026";"";"SAMUEL";"Eleveur";"";"";""
"27/04/2026";"Matin";"27/04/2026";"Soir";"3 100317290";"";"";"26-02-0565";"CRASSUS";"BULTAVO 3 (FCO3)";"Animal";"1.0 ml";"SC";"1 fois/Jour";"VACCINATION";"27/04/2026";"";"SAMUEL";"Eleveur";"";"";""
"27/04/2026";"Matin";"27/04/2026";"Soir";"8 235515718";"";"";"26-02-0565";"CRASSUS";"BULTAVO 3 (FCO3)";"Animal";"1.0 ml";"SC";"1 fois/Jour";"VACCINATION";"27/04/2026";"";"SAMUEL";"Eleveur";"";"";""
"27/04/2026";"Matin";"27/04/2026";"Soir";"6 505715458";"";"";"26-02-0565";"CRASSUS";"BULTAVO 3 (FCO3)";"Animal";"1.0 ml";"SC";"1 fois/Jour";"VACCINATION";"27/04/2026";"";"SAMUEL";"Eleveur";"";"";""
"27/04/2026";"Matin";"27/04/2026";"Soir";"8 235579864";"";"";"26-02-0565";"CRASSUS";"BULTAVO 3 (FCO3)";"Animal";"1.0 ml";"SC";"1 fois/Jour";"VACCINATION";"27/04/2026";"";"SAMUEL";"Eleveur";"";"";""
"27/04/2026";"Matin";"27/04/2026";"Soir";"8 235571370";"";"";"26-02-0565";"CRASSUS";"BULTAVO 3 (FCO3)";"Animal";"1.0 ml";"SC";"1 fois/Jour";"VACCINATION";"27/04/2026";"";"SAMUEL";"Eleveur";"";"";""
"27/04/2026";"Matin";"27/04/2026";"Soir";"8 224010820";"";"";"26-02-0565";"CRASSUS";"BULTAVO 3 (FCO3)";"Animal";"1.0 ml";"SC";"1 fois/Jour";"VACCINATION";"27/04/2026";"";"SAMUEL";"Eleveur";"";"";""
"27/04/2026";"Matin";"27/04/2026";"Soir";"4 635275482";"";"";"26-02-0565";"CRASSUS";"BULTAVO 3 (FCO3)";"Animal";"1.0 ml";"SC";"1 fois/Jour";"VACCINATION";"27/04/2026";"";"SAMUEL";"Eleveur";"";"";""
"27/04/2026";"Matin";"27/04/2026";"Soir";"8 235529323";"";"";"26-02-0565";"CRASSUS";"BULTAVO 3 (FCO3)";"Animal";"1.0 ml";"SC";"1 fois/Jour";"VACCINATION";"27/04/2026";"";"SAMUEL";"Eleveur";"";"";""
"27/04/2026";"Matin";"27/04/2026";"Soir";"1 221371520";"";"";"26-02-0565";"CRASSUS";"BULTAVO 3 (FCO3)";"Animal";"1.0 ml";"SC";"1 fois/Jour";"VACCINATION";"27/04/2026";"";"SAMUEL";"Eleveur";"";"";""
"27/04/2026";"Matin";"27/04/2026";"Soir";"8 235474442";"";"";"26-02-0565";"CRASSUS";"BULTAVO 3 (FCO3)";"Animal";"1.0 ml";"SC";"1 fois/Jour";"VACCINATION";"27/04/2026";"";"SAMUEL";"Eleveur";"";"";""
"27/04/2026";"Matin";"27/04/2026";"Soir";"8 235464421";"";"";"26-02-0565";"CRASSUS";"BULTAVO 3 (FCO3)";"Animal";"1.0 ml";"SC";"1 fois/Jour";"VACCINATION";"27/04/2026";"";"SAMUEL";"Eleveur";"";"";""
"27/04/2026";"Matin";"27/04/2026";"Soir";"8 223010094";"";"";"26-02-0565";"CRASSUS";"BULTAVO 3 (FCO3)";"Animal";"1.0 ml";"SC";"1 fois/Jour";"VACCINATION";"27/04/2026";"";"SAMUEL";"Eleveur";"";"";""
"27/04/2026";"Matin";"27/04/2026";"Soir";"6 505715421";"";"";"26-02-0565";"CRASSUS";"BULTAVO 3 (FCO3)";"Animal";"1.0 ml";"SC";"1 fois/Jour";"VACCINATION";"27/04/2026";"";"SAMUEL";"Eleveur";"";"";""
"27/04/2026";"Matin";"27/04/2026";"Soir";"8 235529326";"";"";"26-02-0565";"CRASSUS";"BULTAVO 3 (FCO3)";"Animal";"1.0 ml";"SC";"1 fois/Jour";"VACCINATION";"27/04/2026";"";"SAMUEL";"Eleveur";"";"";""
"27/04/2026";"Matin";"27/04/2026";"Soir";"8 235529328";"";"";"26-02-0565";"CRASSUS";"BULTAVO 3 (FCO3)";"Animal";"1.0 ml";"SC";"1 fois/Jour";"VACCINATION";"27/04/2026";"";"SAMUEL";"Eleveur";"";"";""
"27/04/2026";"Matin";"27/04/2026";"Soir";"8 224014339";"";"";"26-02-0565";"CRASSUS";"BULTAVO 3 (FCO3)";"Animal";"1.0 ml";"SC";"1 fois/Jour";"VACCINATION";"27/04/2026";"";"SAMUEL";"Eleveur";"";"";""
"27/04/2026";"Matin";"27/04/2026";"Soir";"8 235543540";"";"";"26-02-0565";"CRASSUS";"BULTAVO 3 (FCO3)";"Animal";"1.0 ml";"SC";"1 fois/Jour";"VACCINATION";"27/04/2026";"";"SAMUEL";"Eleveur";"";"";""
"27/04/2026";"Matin";"27/04/2026";"Soir";"8 235529278";"";"";"26-02-0565";"CRASSUS";"BULTAVO 3 (FCO3)";"Animal";"1.0 ml";"SC";"1 fois/Jour";"VACCINATION";"27/04/2026";"";"SAMUEL";"Eleveur";"";"";""
"27/04/2026";"Matin";"27/04/2026";"Soir";"8 235557960";"";"";"26-02-0565";"CRASSUS";"BULTAVO 3 (FCO3)";"Animal";"1.0 ml";"SC";"1 fois/Jour";"VACCINATION";"27/04/2026";"";"SAMUEL";"Eleveur";"";"";""
"27/04/2026";"Matin";"27/04/2026";"Soir";"8 235571331";"";"";"26-02-0565";"CRASSUS";"BULTAVO 3 (FCO3)";"Animal";"1.0 ml";"SC";"1 fois/Jour";"VACCINATION";"27/04/2026";"";"SAMUEL";"Eleveur";"";"";""
"27/04/2026";"Matin";"27/04/2026";"Soir";"8 235506377";"";"";"26-02-0565";"CRASSUS";"BULTAVO 3 (FCO3)";"Animal";"1.0 ml";"SC";"1 fois/Jour";"VACCINATION";"27/04/2026";"";"SAMUEL";"Eleveur";"";"";""
"27/04/2026";"Matin";"27/04/2026";"Soir";"8 235506362";"";"";"26-02-0565";"CRASSUS";"BULTAVO 3 (FCO3)";"Animal";"1.0 ml";"SC";"1 fois/Jour";"VACCINATION";"27/04/2026";"";"SAMUEL";"Eleveur";"";"";""
"27/04/2026";"Matin";"27/04/2026";"Soir";"8 235579865";"";"";"26-02-0565";"CRASSUS";"BULTAVO 3 (FCO3)";"Animal";"1.0 ml";"SC";"1 fois/Jour";"VACCINATION";"27/04/2026";"";"SAMUEL";"Eleveur";"";"";""
"27/04/2026";"Matin";"27/04/2026";"Soir";"8 160070568";"";"";"26-02-0565";"CRASSUS";"BULTAVO 3 (FCO3)";"Animal";"1.0 ml";"SC";"1 fois/Jour";"VACCINATION";"27/04/2026";"";"SAMUEL";"Eleveur";"";"";""
"27/04/2026";"Matin";"27/04/2026";"Soir";"8 235543543";"";"";"26-02-0565";"CRASSUS";"BULTAVO 3 (FCO3)";"Animal";"1.0 ml";"SC";"1 fois/Jour";"VACCINATION";"27/04/2026";"";"SAMUEL";"Eleveur";"";"";""
"27/04/2026";"Matin";"27/04/2026";"Soir";"8 235579885";"";"";"26-02-0565";"CRASSUS";"BULTAVO 3 (FCO3)";"Animal";"1.0 ml";"SC";"1 fois/Jour";"VACCINATION";"27/04/2026";"";"SAMUEL";"Eleveur";"";"";""
"27/04/2026";"Matin";"27/04/2026";"Soir";"8 235557963";"";"";"26-02-0565";"CRASSUS";"BULTAVO 3 (FCO3)";"Animal";"1.0 ml";"SC";"1 fois/Jour";"VACCINATION";"27/04/2026";"";"SAMUEL";"Eleveur";"";"";""
"27/04/2026";"Matin";"27/04/2026";"Soir";"8 222010580";"";"";"26-02-0565";"CRASSUS";"BULTAVO 3 (FCO3)";"Animal";"1.0 ml";"SC";"1 fois/Jour";"VACCINATION";"27/04/2026";"";"SAMUEL";"Eleveur";"";"";""
"27/04/2026";"Matin";"27/04/2026";"Soir";"6 505616393";"";"";"26-02-0565";"CRASSUS";"BULTAVO 3 (FCO3)";"Animal";"1.0 ml";"SC";"1 fois/Jour";"VACCINATION";"27/04/2026";"";"SAMUEL";"Eleveur";"";"";""
"27/04/2026";"Matin";"27/04/2026";"Soir";"8 235554286";"";"";"26-02-0565";"CRASSUS";"BULTAVO 3 (FCO3)";"Animal";"1.0 ml";"SC";"1 fois/Jour";"VACCINATION";"27/04/2026";"";"SAMUEL";"Eleveur";"";"";""
"27/04/2026";"Matin";"27/04/2026";"Soir";"1 220153281";"";"";"26-02-0565";"CRASSUS";"BULTAVO 3 (FCO3)";"Animal";"1.0 ml";"SC";"1 fois/Jour";"VACCINATION";"27/04/2026";"";"SAMUEL";"Eleveur";"";"";""
"27/04/2026";"Matin";"27/04/2026";"Soir";"8 235579891";"";"";"26-02-0565";"CRASSUS";"BULTAVO 3 (FCO3)";"Animal";"1.0 ml";"SC";"1 fois/Jour";"VACCINATION";"27/04/2026";"";"SAMUEL";"Eleveur";"";"";""
"27/04/2026";"Matin";"27/04/2026";"Soir";"8 235444152";"";"";"26-02-0565";"CRASSUS";"BULTAVO 3 (FCO3)";"Animal";"1.0 ml";"SC";"1 fois/Jour";"VACCINATION";"27/04/2026";"";"SAMUEL";"Eleveur";"";"";""
"27/04/2026";"Matin";"27/04/2026";"Soir";"8 235579875";"";"";"26-02-0565";"CRASSUS";"BULTAVO 3 (FCO3)";"Animal";"1.0 ml";"SC";"1 fois/Jour";"VACCINATION";"27/04/2026";"";"SAMUEL";"Eleveur";"";"";""
"27/04/2026";"Matin";"27/04/2026";"Soir";"8 235590977";"";"";"26-02-0565";"CRASSUS";"BULTAVO 3 (FCO3)";"Animal";"1.0 ml";"SC";"1 fois/Jour";"VACCINATION";"27/04/2026";"";"SAMUEL";"Eleveur";"";"";""
"27/04/2026";"Matin";"27/04/2026";"Soir";"3 100317284";"";"";"26-02-0565";"CRASSUS";"BULTAVO 3 (FCO3)";"Animal";"1.0 ml";"SC";"1 fois/Jour";"VACCINATION";"27/04/2026";"";"SAMUEL";"Eleveur";"";"";""
"27/04/2026";"Matin";"27/04/2026";"Soir";"8 235590986";"";"";"26-02-0565";"CRASSUS";"BULTAVO 3 (FCO3)";"Animal";"1.0 ml";"SC";"1 fois/Jour";"VACCINATION";"27/04/2026";"";"SAMUEL";"Eleveur";"";"";""
"27/04/2026";"Matin";"27/04/2026";"Soir";"8 235529318";"";"";"26-02-0565";"CRASSUS";"BULTAVO 3 (FCO3)";"Animal";"1.0 ml";"SC";"1 fois/Jour";"VACCINATION";"27/04/2026";"";"SAMUEL";"Eleveur";"";"";""
"27/04/2026";"Matin";"27/04/2026";"Soir";"8 235482124";"";"";"26-02-0565";"CRASSUS";"BULTAVO 3 (FCO3)";"Animal";"1.0 ml";"SC";"1 fois/Jour";"VACCINATION";"27/04/2026";"";"SAMUEL";"Eleveur";"";"";""
"27/04/2026";"Matin";"27/04/2026";"Soir";"8 235543535";"";"";"26-02-0565";"CRASSUS";"BULTAVO 3 (FCO3)";"Animal";"1.0 ml";"SC";"1 fois/Jour";"VACCINATION";"27/04/2026";"";"SAMUEL";"Eleveur";"";"";""
"27/04/2026";"Matin";"27/04/2026";"Soir";"8 235565520";"";"";"26-02-0565";"CRASSUS";"BULTAVO 3 (FCO3)";"Animal";"1.0 ml";"SC";"1 fois/Jour";"VACCINATION";"27/04/2026";"";"SAMUEL";"Eleveur";"";"";""
"27/04/2026";"Matin";"27/04/2026";"Soir";"8 235579876";"";"";"26-02-0565";"CRASSUS";"BULTAVO 3 (FCO3)";"Animal";"1.0 ml";"SC";"1 fois/Jour";"VACCINATION";"27/04/2026";"";"SAMUEL";"Eleveur";"";"";""
"27/04/2026";"Matin";"27/04/2026";"Soir";"8 222010586";"";"";"26-02-0565";"CRASSUS";"BULTAVO 3 (FCO3)";"Animal";"1.0 ml";"SC";"1 fois/Jour";"VACCINATION";"27/04/2026";"";"SAMUEL";"Eleveur";"";"";""
"27/04/2026";"Matin";"27/04/2026";"Soir";"8 235493890";"";"";"26-02-0565";"CRASSUS";"BULTAVO 3 (FCO3)";"Animal";"1.0 ml";"SC";"1 fois/Jour";"VACCINATION";"27/04/2026";"";"SAMUEL";"Eleveur";"";"";""
"27/04/2026";"Matin";"27/04/2026";"Soir";"8 235557968";"";"";"26-02-0565";"CRASSUS";"BULTAVO 3 (FCO3)";"Animal";"1.0 ml";"SC";"1 fois/Jour";"VACCINATION";"27/04/2026";"";"SAMUEL";"Eleveur";"";"";""
"27/04/2026";"Matin";"27/04/2026";"Soir";"8 235474451";"";"";"26-02-0565";"CRASSUS";"BULTAVO 3 (FCO3)";"Animal";"1.0 ml";"SC";"1 fois/Jour";"VACCINATION";"27/04/2026";"";"SAMUEL";"Eleveur";"";"";""
"27/04/2026";"Matin";"27/04/2026";"Soir";"8 235557923";"";"";"26-02-0565";"CRASSUS";"BULTAVO 3 (FCO3)";"Animal";"1.0 ml";"SC";"1 fois/Jour";"VACCINATION";"27/04/2026";"";"SAMUEL";"Eleveur";"";"";""
"27/04/2026";"Matin";"27/04/2026";"Soir";"8 235529321";"";"";"26-02-0565";"CRASSUS";"BULTAVO 3 (FCO3)";"Animal";"1.0 ml";"SC";"1 fois/Jour";"VACCINATION";"27/04/2026";"";"SAMUEL";"Eleveur";"";"";""
"27/04/2026";"Matin";"27/04/2026";"Soir";"8 235565536";"";"";"26-02-0565";"CRASSUS";"BULTAVO 3 (FCO3)";"Animal";"1.0 ml";"SC";"1 fois/Jour";"VACCINATION";"27/04/2026";"";"SAMUEL";"Eleveur";"";"";""
"27/04/2026";"Matin";"27/04/2026";"Soir";"8 235436101";"";"";"26-02-0565";"CRASSUS";"BULTAVO 3 (FCO3)";"Animal";"1.0 ml";"SC";"1 fois/Jour";"VACCINATION";"27/04/2026";"";"SAMUEL";"Eleveur";"";"";""
"27/04/2026";"Matin";"27/04/2026";"Soir";"8 223014465";"";"";"26-02-0565";"CRASSUS";"BULTAVO 3 (FCO3)";"Animal";"1.0 ml";"SC";"1 fois/Jour";"VACCINATION";"27/04/2026";"";"SAMUEL";"Eleveur";"";"";""
"27/04/2026";"Matin";"27/04/2026";"Soir";"8 235579874";"";"";"26-02-0565";"CRASSUS";"BULTAVO 3 (FCO3)";"Animal";"1.0 ml";"SC";"1 fois/Jour";"VACCINATION";"27/04/2026";"";"SAMUEL";"Eleveur";"";"";""
"27/04/2026";"Matin";"27/04/2026";"Soir";"8 235444151";"";"";"26-02-0565";"CRASSUS";"BULTAVO 3 (FCO3)";"Animal";"1.0 ml";"SC";"1 fois/Jour";"VACCINATION";"27/04/2026";"";"SAMUEL";"Eleveur";"";"";""
"27/04/2026";"Matin";"27/04/2026";"Soir";"8 235565517";"";"";"26-02-0565";"CRASSUS";"BULTAVO 3 (FCO3)";"Animal";"1.0 ml";"SC";"1 fois/Jour";"VACCINATION";"27/04/2026";"";"SAMUEL";"Eleveur";"";"";""
"27/04/2026";"Matin";"27/04/2026";"Soir";"8 235590963";"";"";"26-02-0565";"CRASSUS";"BULTAVO 3 (FCO3)";"Animal";"1.0 ml";"SC";"1 fois/Jour";"VACCINATION";"27/04/2026";"";"SAMUEL";"Eleveur";"";"";""
"27/04/2026";"Matin";"27/04/2026";"Soir";"8 223010095";"";"";"26-02-0565";"CRASSUS";"BULTAVO 3 (FCO3)";"Animal";"1.0 ml";"SC";"1 fois/Jour";"VACCINATION";"27/04/2026";"";"SAMUEL";"Eleveur";"";"";""
"27/04/2026";"Matin";"27/04/2026";"Soir";"8 235543542";"";"";"26-02-0565";"CRASSUS";"BULTAVO 3 (FCO3)";"Animal";"1.0 ml";"SC";"1 fois/Jour";"VACCINATION";"27/04/2026";"";"SAMUEL";"Eleveur";"";"";""
"27/04/2026";"Matin";"27/04/2026";"Soir";"8 235590978";"";"";"26-02-0565";"CRASSUS";"BULTAVO 3 (FCO3)";"Animal";"1.0 ml";"SC";"1 fois/Jour";"VACCINATION";"27/04/2026";"";"SAMUEL";"Eleveur";"";"";""
"27/04/2026";"Matin";"27/04/2026";"Soir";"8 235590964";"";"";"26-02-0565";"CRASSUS";"BULTAVO 3 (FCO3)";"Animal";"1.0 ml";"SC";"1 fois/Jour";"VACCINATION";"27/04/2026";"";"SAMUEL";"Eleveur";"";"";""
"27/04/2026";"Matin";"27/04/2026";"Soir";"8 235557926";"";"";"26-02-0565";"CRASSUS";"BULTAVO 3 (FCO3)";"Animal";"1.0 ml";"SC";"1 fois/Jour";"VACCINATION";"27/04/2026";"";"SAMUEL";"Eleveur";"";"";""
"27/04/2026";"Matin";"27/04/2026";"Soir";"8 235579879";"";"";"26-02-0565";"CRASSUS";"BULTAVO 3 (FCO3)";"Animal";"1.0 ml";"SC";"1 fois/Jour";"VACCINATION";"27/04/2026";"";"SAMUEL";"Eleveur";"";"";""
"27/04/2026";"Matin";"27/04/2026";"Soir";"8 160070588";"";"";"26-02-0565";"CRASSUS";"BULTAVO 3 (FCO3)";"Animal";"1.0 ml";"SC";"1 fois/Jour";"VACCINATION";"27/04/2026";"";"SAMUEL";"Eleveur";"";"";""
"27/04/2026";"Matin";"27/04/2026";"Soir";"8 224010817";"";"";"26-02-0565";"CRASSUS";"BULTAVO 3 (FCO3)";"Animal";"1.0 ml";"SC";"1 fois/Jour";"VACCINATION";"27/04/2026";"";"SAMUEL";"Eleveur";"";"";""
"27/04/2026";"Matin";"27/04/2026";"Soir";"8 160070592";"";"";"26-02-0565";"CRASSUS";"BULTAVO 3 (FCO3)";"Animal";"1.0 ml";"SC";"1 fois/Jour";"VACCINATION";"27/04/2026";"";"SAMUEL";"Eleveur";"";"";""
"27/04/2026";"Matin";"27/04/2026";"Soir";"6 505616375";"";"";"26-02-0565";"CRASSUS";"BULTAVO 3 (FCO3)";"Animal";"1.0 ml";"SC";"1 fois/Jour";"VACCINATION";"27/04/2026";"";"SAMUEL";"Eleveur";"";"";""
"27/04/2026";"Matin";"27/04/2026";"Soir";"1 220153257";"";"";"26-02-0565";"CRASSUS";"BULTAVO 3 (FCO3)";"Animal";"1.0 ml";"SC";"1 fois/Jour";"VACCINATION";"27/04/2026";"";"SAMUEL";"Eleveur";"";"";""
"27/04/2026";"Matin";"27/04/2026";"Soir";"8 235361003";"";"";"26-02-0565";"CRASSUS";"BULTAVO 3 (FCO3)";"Animal";"1.0 ml";"SC";"1 fois/Jour";"VACCINATION";"27/04/2026";"";"SAMUEL";"Eleveur";"";"";""
"27/04/2026";"Matin";"27/04/2026";"Soir";"1 220153235";"";"";"26-02-0565";"CRASSUS";"BULTAVO 3 (FCO3)";"Animal";"1.0 ml";"SC";"1 fois/Jour";"VACCINATION";"27/04/2026";"";"SAMUEL";"Eleveur";"";"";""
"27/04/2026";"Matin";"27/04/2026";"Soir";"8 235590989";"";"";"26-02-0565";"CRASSUS";"BULTAVO 3 (FCO3)";"Animal";"1.0 ml";"SC";"1 fois/Jour";"VACCINATION";"27/04/2026";"";"SAMUEL";"Eleveur";"";"";""
"27/04/2026";"Matin";"27/04/2026";"Soir";"8 235590961";"";"";"26-02-0565";"CRASSUS";"BULTAVO 3 (FCO3)";"Animal";"1.0 ml";"SC";"1 fois/Jour";"VACCINATION";"27/04/2026";"";"SAMUEL";"Eleveur";"";"";""
"27/04/2026";"Matin";"27/04/2026";"Soir";"8 235557959";"";"";"26-02-0565";"CRASSUS";"BULTAVO 3 (FCO3)";"Animal";"1.0 ml";"SC";"1 fois/Jour";"VACCINATION";"27/04/2026";"";"SAMUEL";"Eleveur";"";"";""
"27/04/2026";"Matin";"27/04/2026";"Soir";"8 235571335";"";"";"26-02-0565";"CRASSUS";"BULTAVO 3 (FCO3)";"Animal";"1.0 ml";"SC";"1 fois/Jour";"VACCINATION";"27/04/2026";"";"SAMUEL";"Eleveur";"";"";""
